Datetime,Tweet Id,Text,Username
2020-07-30 18:47:08+00:00,1288909004517728257,@ibenunu @xlhomeid Lo emg pake xlhome?,saniueop
2020-07-30 17:05:06+00:00,1288883328800690176,langganan internet tanpa batasan kuota dan saluran tv channel 0857-3681-5962 aris #xlhome area makassar dan sekitar @ Indonesia https://t.co/OwhGeYrQH6,ArisHadiartoNEP
2020-07-30 16:44:01+00:00,1288878020757819393,"Berada dalam fase, mau buka ig tapi mikir mikir karna sayang kuota. Gegara kosan mau ganti xlhome tp lama.",ranggaputudwara
2020-07-30 15:48:00+00:00,1288863925954519040,xlhome kyk tai,pusyourbae
2020-07-30 11:46:23+00:00,1288803122710581248,@adithrnws Baru dapet kabar gua katanya minggu lalu xlhome nawarin pemasangan tapi warga disini emang otak zaman batu susah tai wkwkwk,akbarmaulalana
2020-07-30 06:19:29+00:00,1288720854835060736,"First media lemot banget woi, mending xlhome ternyata",syapasih
2020-07-30 04:59:00+00:00,1288700599786074113,Xlhome cct,ssudahbesar
2020-07-30 04:53:56+00:00,1288699326135324672,"@paythebilll  Hi Al selamat siang, adakah yang bisa kami bantu mengenai XLHome Fiber? Thanks ^AdI :)",xlhomeid
2020-07-30 03:02:00+00:00,1288671156908617729,xlhome kenapa sih?!?!?,dhirarv
2020-07-30 00:30:42+00:00,1288633080014544896,Hi @myxlcare apa ada gangguan jaringan xlhome fiber di area sleman?,kusree
2020-07-29 21:42:21+00:00,1288590713714814976,"kalau ada minat #xlhome di gambar, bisa wa 085736815962 @ Makassar https://t.co/sOKsscT9H1",ArisHadiartoNEP
2020-07-29 16:39:45+00:00,1288514559888650240,"@tabodanita @IndiHome Kakk ini aku td ya shockkk. Aku oake xlhome giniii
Akhir ya oake screen mirroring masaaaaa aaa. Apesssss
Sempet badmood bangetbtd",irmaalazmi
2020-07-29 13:19:11+00:00,1288464088318668802,"pls xlhome cuma ad https://t.co/P06oeQU7g6 buat stream tv, ni sctv ga bisa tayang",brontosaaurus
2020-07-29 13:16:35+00:00,1288463431813574656,XLHOME BGST,ciggartaes
2020-07-29 12:25:40+00:00,1288450620836347904,@xlhomeid jd pgn pake xlhome,hwipaaram
2020-07-29 12:14:20+00:00,1288447767153532929,"WE BUAT KLEAN YG PAKE INDIHOME MENDING GANTI KE XLHOME WKWK LEBIH MURAH DAN KENCENGGGG
kemaren aku indihome 10mbps + tv + toping channel total 515.000 sebulan
ini xl 30mbps + tv cuma 276.000 MANTAP",nicoreffo
2020-07-29 12:08:18+00:00,1288446249138442240,@bomienoona Xlhome üòÖ,Psyoungssi
2020-07-29 07:33:32+00:00,1288377102396297216,@overlendd Ditunggu kuis lainnya dari XLHome Fiber dan jangan lupa ikutan yah. Thanks ^AdI :),xlhomeid
2020-07-29 06:52:57+00:00,1288366886246166528,"@itsme_stevie  Hi selamat siang, adakah yang bisa kami bantu mengenai XLHome Fiber? Thanks ^AdI :)",xlhomeid
2020-07-29 04:24:34+00:00,1288329545540448259,akhirnya berpaling dari indihome ke xlhome,nicoreffo
2020-07-29 03:56:00+00:00,1288322358923714563,"internet tanpa batasan kuota
saluran tv channel
0857-3681-5962
tim marketing #xlhome @ Indonesia https://t.co/Z94K2Ar4VP",ArisHadiartoNEP
2020-07-28 19:06:12+00:00,1288189030786449409,"@subtanyarl atau coba xlhome 100mbps, kalo daerahlu tercover wkwkwk 350k/bulan",kimphed
2020-07-28 15:45:27+00:00,1288138509211975681,"@collegemenfess xlhome yang paket xl homefiber s sebulan 218.900, nonton layanan vidio sm netflix (tp netflix bayar sendiri, ga termasuk layanannya, nyediain aja). unlimited, di aku sih enak",runecatcher
2020-07-28 15:05:27+00:00,1288128443192729600,@ryughin emg ada xlhome?,oosehx
2020-07-28 08:15:56+00:00,1288025385632817154,"xlhome gelut aja lah hayooo!!! kuota gua sekarat abis liat jae live terus brian live, mana nanti malem harus nonton idol radioüò≠ wifi kampret emang",sunraiijeuu
2020-07-28 08:01:06+00:00,1288021651309785088,"@collegemenfess Xlhome, 276k, unlimited",selfishgurls
2020-07-28 07:34:04+00:00,1288014849138544641,"@duaporsi @IndiHome ASLI AKU PERNAH NIH SAMA XLHOME @XLAxiata_Tbk pasang tiang depan rumah persis sebelah pagar rumah. skrng rumah udah direnov ganti pagar jadi ngehalangin pintu masuk. biadab pekerja lo. ngaku dikasih ijin sm pak RT, pas ditanya gak ada omongan dr pihak komplek. najisss",tikust4nah
2020-07-28 07:20:15+00:00,1288011369581666306,@RADDMUSEUM xlhome,dailymun
2020-07-28 02:59:01+00:00,1287945627889000450,"bismillah...
#xlhomeid #xlhome #xl_home #nkri #indonesia #internet #unlimited #stb @ Indonesia https://t.co/heuQCD1XTo",ArisHadiartoNEP
2020-07-28 02:19:54+00:00,1287935784922648576,@kihyunjuseyoo Avi pake xlhome,kihyunie_kh
2020-07-28 01:11:42+00:00,1287918623546368001,#infojobhexa #lokerjabodetabek #lokerjaktim #lokerjakut #xlhome #lowongankerja #sales #hexaeo @ Hexa Organizer https://t.co/srfN9UHXHo,HexaEO
2020-07-27 15:44:44+00:00,1287775942132117504,@SiiJagoan xlhome. dirumah w gada telpon,syafirakhl
2020-07-27 15:13:39+00:00,1287768116689162247,"@bendratbear__ @IndiHome wes raurus, iki xlhome/biznet/myrep tekan kosanku gaskeun pindah langsung",juupler
2020-07-27 15:09:31+00:00,1287767079014162432,TOLONGLAH PROVIDER LAIN BIZNET/myrep/xlhome sampe daerah kosanku gakuat anjink pake indihome kalo begini terus https://t.co/o6Bne3zL1N,juupler
2020-07-27 13:15:59+00:00,1287738507037818880,"@hoomanturtle Udah register di XLHome tapi belum dateng, katanya sih besok 29",jupspi
2020-07-27 13:10:00+00:00,1287736998166278144,@hoomanturtle XLHome,jupspi
2020-07-27 12:13:59+00:00,1287722902209486848,@bearbuynn Katanya mau xlhome,gudtaimu_
2020-07-27 11:06:26+00:00,1287705904436002819,"@arinazulfaa  Hi Arina, Yuk langganan XLHome sekarang biar bisa nonton Eros Now dengan nyaman, langsung dari TV kamu! Thanks ^AdI :)",xlhomeid
2020-07-27 05:00:09+00:00,1287613725608775680,@andikalp @alifpriatna Temen gua pake xlhome lemot man. Emang lagi pandemi gini semua provider lemot sih kan pada dirumah.....,reushena
2020-07-27 04:03:02+00:00,1287599349543735296,"@xlhomeid Halo XLHome.. no Cust ID 0137070 dan alamat Jl Badak II no 7x Br Badak Sari Denpasar, a.n. I Gusti Rai Yudhakarma. Tks https://t.co/7iuwJQCHWJ",gustiraidibali
2020-07-27 03:08:38+00:00,1287585659813650433,CBN atau XLHome ya? udah capek bgt sama Indihome :(,aufafrhfbl
2020-07-27 02:55:08+00:00,1287582262326751232,"#myrepublic ‚ùå
#xlhome ‚ùå
#Biznet ‚ùå

#indihome ‚úÖ tapi ya gitulah
#mncplay ‚úÖ belum tau kualitas dan pelayanannya
#firstmedia ‚úÖ dulu sih gitu, entah sekarang. 

‚ùå jaringan gak ada
‚úÖ jaringan tersedia",awankthereds
2020-07-27 02:45:03+00:00,1287579727390105600,"@xlhomeid Kota Surabaya,Perumahan Pogot Palm Regency Blok B No 1 ,Kecamatan Kenjeran,Kelurahan Tanah Kali kedinding apakah bisa di pasang xlhome fiber?",Riders99991740
2020-07-26 12:14:45+00:00,1287360709454475266,/wal ada yg be XLHome kah rumah nya? Ada FUP nya kada yo lah,banjarbase
2020-07-26 01:58:28+00:00,1287205615098421248,"@PideksoRoyo1  Mengenai hal ini pastinya kami akan menjaga kualitas jaringan kami ya dan jika ada hal lain yang ingin ditanyakan seputar layanan XLHome Fiber, dapat menghubungi kami kembali ya. #Thanks^AdI :)",xlhomeid
2020-07-26 01:37:59+00:00,1287200460550496256,@xlhomeid okaaay....oya sekalian nitip untuk perbaikan kualitas layanan xlhome di kota bogor ya,PineksoRoyi1
2020-07-25 04:01:00+00:00,1286874065894957058,@neviskaayi w pake xlhome tdinya muk pake indihome tp bnyk yg komplen,monoinaugust
2020-07-24 23:16:08+00:00,1286802374892367874,"mohon isi ya...
https://t.co/ixa1xGN980
#xlhomeid #xlhomeidmakassar #xlhome #xl #dirumahaja #enakandirumahaja #indonesia #nkri #survey @ Indonesia https://t.co/6J8fGVXGF3",ArisHadiartoNEP
2020-07-24 16:36:21+00:00,1286701764473831425,"@myXLCare tumben belakangan ini gangguan, apa pengguna indihome pada pindah xlhome.? Gangguannya pindah jg gt ü§¶üèª‚Äç‚ôÄÔ∏è",faa_dila
2020-07-24 07:53:09+00:00,1286570097440485376,@squidwardfess xlhome,mcrquise
2020-07-24 06:34:39+00:00,1286550342092460032,"@an7onchx  Hi An selamat siang, adakah yang bisa kami bantu mengenai XLHome Fiber? #Thanks^AdI :)",xlhomeid
2020-07-24 04:42:35+00:00,1286522139873431552,@xlhomeid Mau tanya paket xlhome fiber.. ada paket apa aja?,Ridwanoroyale
2020-07-24 03:31:35+00:00,1286504274390740992,"@ota_matic  Hi, mohon maaf terkait layanan XLHome Fiber bisa disampaikan via DM ya :) #Thanks ^Dian",xlhomeid
2020-07-24 00:37:42+00:00,1286460514126594049,"@baguskp  Hi BagusKp, mohon maaf untuk ketidaknyamanannya. Terkait layanan XLHome Fiber bisa disampaikan via DM ya :) #Thanks ^Dian",xlhomeid
2020-07-24 00:08:40+00:00,1286453209364480006,"@xlhomeid Halo? Saya sudah langganan xlhome fiber di surabaya

Mau up ke 300Mbps katanya masih ga sanggup üòÖ",baguskp
2020-07-23 22:41:56+00:00,1286431381958955008,"@alvinlie21 @jvdas_iskariot @TelkomIndonesia @IndiHome Bener... Itu!!

Gw punya indihome, ga dipake2
Karena pindah ke XLhome, keluar tagihannya. 600rb

Gw taunya, pass ada surat dari ke jaksaan, karena mau ditutut bayar, kalau engga kena perdata..

Gw ada neh... Suratnya

MAU NGELES...?? ü§≠",Wakapoldur
2020-07-23 16:33:57+00:00,1286338773354242054,@bayu_aslam Ganti XLhome aja lebih mantep,hr_widiarto
2020-07-23 14:00:48+00:00,1286300232691531776,Xlhome nus https://t.co/BVPGBvPVa5,Abuabukusut
2020-07-23 11:52:43+00:00,1286267998391549952,"@ronavioleta @xlhomeid @YLKI_ID Saya juga pakai XLhome.. Memang tidak stabil jaringannya.
Paket upto 100 mbps kadang cuma dapat di bawah 1 mbps.",Mharizd
2020-07-23 05:49:05+00:00,1286176488199340033,di Smart TV itu. Aku menanyakan apa nama internet provider yg digunakan utk mnonton film ini. Sambungannya sgt lancar &amp; tidak trlihat buffering sama sekali. Dia menjawab bahwa dia menggunakan XlHome utk menonton Netflix &amp; pekerjaannya komunikasi dan supplier mainan yg dia jual.,Lovewhisperer4
2020-07-23 03:36:59+00:00,1286143246461067264,@banjarbase xlhome,mcrquise
2020-07-23 03:33:53+00:00,1286142462944112640,@subtanyarl Xlhome 210k/bln. 30mbps,kjrhjy
2020-07-23 02:42:53+00:00,1286129628722024448,Promo XLhome beb https://t.co/mXVDWxFr8y,mntcrzt
2020-07-23 02:33:16+00:00,1286127208491229184,@annis3423 Baru tau kalo ada xlhome,tiabieberwiliam
2020-07-23 02:32:41+00:00,1286127061845684225,"@GedeUbung  Hi, terkait layanan XLHome Fiber bisa disampaikan via DM ya :) #Thanks ^Dian",xlhomeid
2020-07-23 00:30:54+00:00,1286096413022015489,@tiabieberwiliam Fm sama xlhome yg harganya agak miring tuh ketimbang yg lain,annis3423
2020-07-22 23:35:43+00:00,1286082525572395008,@subtanyarl Ak xlhome,ciwa__qu
2020-07-22 14:35:58+00:00,1285946694060785666,"@annis3423 Nah itu dia nis aku lg searching nih di google ada indihuy, fm, Biznet, xlhome

Makanya nanya2 dlu kali aja ada yg make",tiabieberwiliam
2020-07-22 12:17:22+00:00,1285911816447483904,@xlhomeid Bingung setiap sore sampai malam karena jam jam itu jaringan xlhome merayap terseok seok dan putus2.,mustamarif
2020-07-22 11:55:48+00:00,1285906386048577536,"layanan internet unlimited tanpa batas kuota dan saluran tv box berlangganan 1 tahun atau lebih
#xlhome #xl_home #_xl_home_ @ Indonesia https://t.co/aVq9IeD6wW",ArisHadiartoNEP
2020-07-22 11:12:53+00:00,1285895589167685633,@xlhomeid Min apa bener ini jaringan fiber xlhome numpang di jaringan fibernya  indihome/telkomsel? Kok sy ga lihat ad gali2an untuk jaringan fibernya? ..,anakdisco80
2020-07-22 10:43:46+00:00,1285888261064253440,"@bogorfess_ Yang bagus tuh xlhome sih, cuman malesnya perjanjian harus 12 bulan pemasangan baru bisa dicopot",SahputraReza
2020-07-22 10:43:05+00:00,1285888088661606401,@bogorfess_ Kalo di semplak sih yg oke ada xlhome,youngbutcher94
2020-07-22 10:39:45+00:00,1285887248785764358,"@xlhomeid Yang saya bingung, speed xlhome sy mentok nya 50Mb.. Padahal di paketnya up to 300Mb.. Kira2 kenapa tuh??",firmans4n
2020-07-22 10:32:19+00:00,1285885377488621569,"@subtanyarl biznet, myrepublic, xlhome",waviqn
2020-07-22 10:21:22+00:00,1285882622288072707,"@yonghan70 @xlhomeid Saya di daerah gubeng kertajaya pak, jalurnya ngikut cbn kayaknya

Kalau cbn lewat di daerah bapak, harusnya xlhome juga",baguskp
2020-07-22 10:18:04+00:00,1285881790494695425,@baguskp @xlhomeid Bpk daerah mana?..kog di website xlhome surabaya ga ada ya,yonghan70
2020-07-22 09:04:30+00:00,1285863276832624642,"Saking keselnya

Pengen berkata kasar

Aku Vs Xlhome ceritanya panjang

fuft https://t.co/SghlR6vIH2",MtcHarry
2020-07-22 08:01:26+00:00,1285847407238905858,"@BiznetHome Kl kalian layanannya seperti XLHome yg mobile, lalu minta test pakai LAN itu masih bisa diterima, karena karakter koneksinya XLHome mobile itu pengantarnya gelombang di udara. Lah kalian kan pakai fiberoptic, wireless dalam gedung/ rumah. Kok minta ngetes pakai LAN?",3ndi
2020-07-22 05:51:27+00:00,1285814694469439492,"@dwisunuaja  Hi Dwi selamat siang, maaf atas ketidaknyamanannya ya. Mengenai hal ini kami bantu sampaikan ke tim email XLHome Fiber ya. #Thanks ^AdI :)",xlhomeid
2020-07-22 01:39:46+00:00,1285751357928951808,"@komangaric  Hi Komang selamat pagi, terimakasih sudah menjadi pelanggan XLHome ya dan jika masih ada hal lain yang ingin ditanyakan seputar layanan XLHome Fiber, dapat menghubungi kami kembali ya. #Thanks^AdI :)",xlhomeid
2020-07-22 01:05:01+00:00,1285742613526491136,"@hackerground  Hi Selamat pagi, adakah yang bisa kami bantu mengenai XLHome Fiber? #Thanks^AdI :)",xlhomeid
2020-07-22 00:31:07+00:00,1285734082866040832,"@urlovelytsamara  Hi selamat pagi, adakah yang bisa kami bantu mengenai XLHome Fiber? #Thanks^AdI :)",xlhomeid
2020-07-22 00:01:08+00:00,1285726537195687936,"@ranuay_  Hi Unay selamat pagi, terima kasih dan jika masih ada hal lain yang ingin ditanyakan seputar layanan XLHome Fiber, dapat menghubungi kami kembali ya. #Thanks^AdI :)",xlhomeid
2020-07-21 08:42:15+00:00,1285495292058533888,"langganan internet unlimited tanpa batasan kuota dan tv channel
.
layanan pemasaran whatsapp 085736815962 aris hadiarto nur eka putra, s. kom
.
#xl_home #_xl_home_ #xlhome #xlhomeid https://t.co/xA3pgWcHeC",ArisHadiartoNEP
2020-07-21 08:37:52+00:00,1285494187652116480,"@cliquesugar  Mohon maaf untuk ketidaknyamanannya, sesuai dengan info sebelumnya terkait layanan XLHome Fiber bisa disampaikan via DM ya :) #Thanks ^Dian",xlhomeid
2020-07-21 08:35:09+00:00,1285493503393361920,@orangsibukz kenya xlhome lagi kecewa sama kamu,flying_wings241
2020-07-21 07:20:46+00:00,1285474785279930368,"@xlhomeid halo xlhome, saya pelanggan dengan nomer subscribe 38323671
#1 . Saya ingin melakukan pembayaran via klikbca, tapi tidak ada penagihan

#2. Internet saya baru umur 2 hari sudah sering ngedrop üò¨ ini gimanaaa ?",baguskp
2020-07-21 04:31:55+00:00,1285432293792690177,@ronavioleta @xlhomeid Xlhome adminnya banyak wkwkwk,Mharizd
2020-07-21 03:11:38+00:00,1285412087737483264,"layanan berlangganan lebih satu tahun tv channel dan internet unlimited dengan tanpa batasan kuota!
.
hubungi tim pemasaran di kota anda 085736815962
.
#xl #xlhome #_xl_home_ #xlhomeid @ Indonesia https://t.co/izBnhQz7pg",ArisHadiartoNEP
2020-07-21 03:00:49+00:00,1285409366967857155,@dappyeay xlhome!!,citydens
2020-07-21 02:13:45+00:00,1285397520474992640,"@tsubatsa08  Terima kasih kembali Imam dan jika masih ada hal lain yang ingin ditanyakan seputar layanan XLHome Fiber, dapat menghubungi kami kembali ya. #Thanks^AdI :)",xlhomeid
2020-07-21 01:36:07+00:00,1285388050927742976,"Kau apakan lagi internetku
Yungalah, gangguan aja teros
Baru nanti kuganti citranet apa XLHome, tau rasa!
@IndiHome",BontotnyaMami
2020-07-21 00:21:58+00:00,1285369389521334272,"@lahkokdih Hi Mai selamat pagi, adakah yang bisa kami bantu mengenai XLHome Fiber? #Thanks^AdI :)",xlhomeid
2020-07-21 00:03:35+00:00,1285364762969165824,"@simanomano  Hi Simano selamat pagi, adakah yang bisa kami bantu mengenai XLHome Fiber? #Thanks^AdI :)",xlhomeid
2020-07-20 18:12:32+00:00,1285276421049344000,"@xlhomeid jaringan xlhome di makassar lagi bermasalah yah ??
Sudah hampir seharian putus internet nya",farly_rafa
2020-07-20 14:06:08+00:00,1285214413583089667,@myXLCare jaringan XL bermasalahkah di daerah kelapa gading. 4 nomer + xlhome tiarap nih,muliadihalim
2020-07-20 11:02:55+00:00,1285168304466747393,"@muh_kharji  Hi Muhammad, terkait layanan XLHome Fiber bisa disampaikan via DM ya :) #Thanks ^Dian",xlhomeid
2020-07-20 10:41:34+00:00,1285162928644087809,".@xlhomeid dapat pamflet xlhome 3 setiap minggu, pas mau pasang katanya belum masuk coverage area. Sudah kirim foto pegang ktp juga untuk pendaftarannya. Sales nya memang asal bagi pamflet ke rumah ya, tanpa lihat coverage area? diminta tunggu sebulan ujung2x zonk. kecewa.",emsignacci
2020-07-20 09:23:35+00:00,1285143305915731968,@Mmaayyyy31 Aku mau ganti xlhome sih ya murah,via_apriliaa
2020-07-20 04:47:19+00:00,1285073780927197185,XL Home kini tersedia di Jawa Timur. Paket termurah 299 ribu dgn speed 100 Mbps. Mau Coba? https://t.co/y0Esrr5WNo #xlaxiata #xlhome #sinyalmagz,sinyalmagz
2020-07-20 03:46:41+00:00,1285058520488927232,XLHome &gt;&gt;&gt; indirumah,wina221b
2020-07-20 03:31:52+00:00,1285054791966547968,Baca selengkapnya: XL Home Kini Layani Masyarakat Jawa Timur https://t.co/j8oTsBtPOf #XLAxiata #XLHome,techbizid
2020-07-19 14:45:05+00:00,1284861824169472003,@xlhomeid min tanya dong...kalo xlhome izi itu bisa dipake dimana saja ato khusus buat perumahan?,cep_wahyu
2020-07-19 14:38:13+00:00,1284860098418884610,"@rose_angelinaa  Baik, jika ada yang ingin ditanyakan terkait layanan XLHome Fiber bisa disampaikan via DM ya :) #Thanks ^Dian",xlhomeid
2020-07-19 14:16:38+00:00,1284854666610663426,"@afifahrossy Aduuduu pii, ganti xlhome rekomendasi aku, indihome terlalu posesif emang",Dimpaldimpil
2020-07-19 10:47:28+00:00,1284802027894091779,"@bogorfess_ tergantung daerah mana, biznet, xlhome, myrepublic bagus, tapi kalo belum ada itu semua ya coba indihome",teman_mendengar
2020-07-19 04:41:30+00:00,1284709929622753281,@undipmenfess xlhome,feliciathania
2020-07-19 01:37:55+00:00,1284663728722423815,"@myXLCare dr kemarin saya tdk bisa aktifkan xlhome booster, selalu error. Bisa bantu?",Couche2jours
2020-07-18 23:20:33+00:00,1284629158925139969,"tv kabel dan internet unlimited
085736815962
https://t.co/C2fkr9ptmn
Aris Hadiarto Nur Eka Putra, S. Kom.
Tim Pemasaran XL HOME
.
HARGA DI GAMBAR TERMASUK PPN DAN MATERAI
.
#xlhome #xlhomeid #xlhomemks #xlhomeindonesia‚Ä¶ https://t.co/64A75Rr5Rl",ArisHadiartoNEP
2020-07-18 21:54:35+00:00,1284607526378459136,@aisyanursaiba Sabar mba. Klo bisa gnti xlhome aja.,HerryKandama
2020-07-18 17:32:52+00:00,1284541661842829316,Xlhome fuckingassholeüòÄüëçüèª,sarahpyroxindaa
2020-07-18 17:29:46+00:00,1284540883359002624,"@xlhomeid pagi min..  Mohon maaf sya mw tanya untuk area perum pondok bahar,  karangtengah tangerang.  Jaringan xlhome dari siang bermasalah min.  Skr matot, ga bs konek ke inet..  Bela""in pakai paket data spaya bs twee ke admin",corpatheone
2020-07-18 15:55:39+00:00,1284517195179941889,@subtanyarl xlhome,cumakentank
2020-07-18 15:07:06+00:00,1284504979869274112,@subtanyarl xlhome,brontosaaurus
2020-07-18 15:02:04+00:00,1284503710723305478,@subtanyarl xlhome,darklvnch
2020-07-18 08:46:35+00:00,1284409217915314178,"@abilmuntahaa  Hi Abil selamat sore, ditunggu informasi selanjutnya dari XLHome Fiber ya. #Thanks ^AdI :)",xlhomeid
2020-07-18 08:20:47+00:00,1284402724927225856,"@anggiprima  Terima kasih Anggi dan jika masih ada yang ingin ditanyakan seputar layanan XLHome Fiber, dapat menghubungi kami kembali ya. #Thanks ^AdI :)",xlhomeid
2020-07-18 04:55:16+00:00,1284351006596194304,"@Ikhsanio  Hi, mohon maaf untuk ketidaknyamanannya ya. Terkait layanan XLHome Fiber bisa disampaikan via DM ya, agar kami bantu :) #Thanks ^Dian",xlhomeid
2020-07-18 00:30:13+00:00,1284284303334088704,"kalau ada berminat tv kabel dan internet unlimited tanpa kuota, bisa #WhatsApp 085736815962 area #Makassar dan sekitar...

#xl_home #xlhome #xlhomeid #enakandirumah #dirumahaja #internetmarketing #wifi @ Makassar https://t.co/okhO1UlIS8",ArisHadiartoNEP
2020-07-18 00:25:01+00:00,1284282996514648064,"@wisnudon  Hi Wisnu, jangan bersedih dan nantikan kuis lainnya dari XLHome Fiber ya. #Thanks ^AdI :)",xlhomeid
2020-07-17 16:04:30+00:00,1284157034867261447,Dari kmrn mantau xl home bagus aja krn si fm akhir2 ini suka tbtb hilang sinyal eh akhirnya hari ini down si xl... hmm ganti ga ya takut awal2 aja bagus si xlhomeüòì,sunkyuing
2020-07-17 14:02:46+00:00,1284126399792472064,@banjarbase Pindah ke Xlhome.,aagungstwnn
2020-07-17 13:32:33+00:00,1284118797473869831,@lisandreani Xlhome cuy üò´,ecii_new
2020-07-17 12:00:15+00:00,1284095569804144642,"@xlhomeid Min kapan daerah saya bisa xlhome?
Udah dm dari beberapa bulan yg lalu ya jawabannya tetap sama ‚Äúmasih dalam perluasan‚Äù
Padahal diaerah lain (yg masih 1 kota sama saya) sudah bisa menikmati xlhome :((",uulrhd
2020-07-17 11:35:30+00:00,1284089340214169601,xlhome aneh bgt download diawal awal doang cepet makin ketengah makin lemotttttt tp ga selemot indihome si hwhw,tartagliane
2020-07-17 10:48:47+00:00,1284077581734535170,"Haloo @xlhomeid dr td pagi jaringan xlhome nya down,ga ada info permasalahannya kah?? Sampai kapan ini masalahnya bisa diatasi??",IlmanSch
2020-07-17 07:41:37+00:00,1284030479994249216,XLHome tertawa melihat trending topique Indihome hari ini :))),tjendoldawet
2020-07-17 06:48:31+00:00,1284017116702638080,@detikcom @detikinet Ayo ayo pindah XLhome,bimasatriya_
2020-07-17 06:40:03+00:00,1284014988743458818,"@DikaZicaedmon @detikcom @detikinet @IndiHome Ane udah setahun pindah Dari indihome ke xlhome, gangguan cuman selalu doang di xlhome, murah lagi bulanannya.",Gusti_Rifky
2020-07-17 04:47:09+00:00,1283986576767238145,Untung ak pake xlhome,telmiwayy
2020-07-17 02:56:03+00:00,1283958614323892224,"@arfadilah @dvc_krishna @IndiHome xlhome beda jaringan rif, pake fiber jg, kl review dr yg pake itu selama wfh di bandung dan jogja aman sih, biasa yg teriak2 firstmedia, mnc, indihome.",dlrqkf
2020-07-17 02:52:37+00:00,1283957750410575872,@JaehyunJakseI dah nyoba xlhome blum,cattoleya
2020-07-17 02:51:35+00:00,1283957491630436352,"@arfadilah @dvc_krishna @IndiHome kl ada xlhome sikat aja bg, ini tmptku cmn ada indihome jadi mau apa :(, itu kayanya box fibernya udah penuh, jadi yaudah kelimit segitu",dlrqkf
2020-07-17 01:51:10+00:00,1283942286926045184,"@wisdompapendang @IndiHome Coba XLHome, Biznet",samcanjuicy
2020-07-16 23:18:34+00:00,1283903885338263552,"@ojrus @Telkom @IndiHome Jangan, mending biznet saja, atau xLhome sebelum menyesal",AnggitWichak
2020-07-16 23:11:55+00:00,1283902212985335808,"@xlhomeid A. Gasing

Min, aku nontonnya pake jaringan XLHome doongsss üçª #XLHOMETwogether https://t.co/iIrbURu1wM",Lazzuardy
2020-07-16 18:09:30+00:00,1283826106638860288,@burgundyshine Xlhome samaaa aja kek dkost tmenkuüò≠,selemburz
2020-07-16 16:12:23+00:00,1283796632354488321,@chagoce11 XLhome nya mbaüòÇ,Rudychydi_
2020-07-16 14:21:26+00:00,1283768709647982595,"@xlhomeid tolong dicek untuk pelanggan xlhome jalan anyelir 4 blok d3 no. 6 tridayasakti tambun bekasi kalo.jam.18.00 keatas internet 300Mbps cuma dapat 2 sampai 25 aja... Malah untuk sped ke https://t.co/Wj9YAss70E cuma 300kbps, bagaimana netflix mau jalan hd ?
Mohon solusinya",mjyonx
2020-07-16 13:49:32+00:00,1283760682458996736,tabe moka ganti indihome ku jdi xlhome tapi bertanyaka di cp nya xl nabilang nd tercoverpi daerah ku padahal ada tetanggaku pake xl... bmn cara dftrnya itu kdg üò≠üò≠üò≠,mks_fess
2020-07-16 11:02:22+00:00,1283718614005080064,"Hari ini udah pasang #XLHOME pake paket yg murce cuma dua ratus ribuan udh dpt android tv dan unlimited wifi kenceng biangetttt
Langsung daftar dan nton netflix
Stay at home skrng gk bikin suntuk kaakkaaaakkkkkk‚úåÔ∏è‚úåÔ∏è‚úåÔ∏è https://t.co/i3UmYL9Kxw",anggraini2409
2020-07-16 10:39:40+00:00,1283712902566801412,"@W_sepuluh njajal XLhome gung, jare luweh jozzz tur murah",wahyusyrl
2020-07-16 06:29:13+00:00,1283649871463936000,"tau gaksii rasanya lagi nonton drakor series tiba tiba error aja wifi, yassalam @XLHome please ga sekali dua kali kaya gini udah sering. padahal gak hujan cuaca juga terang benderang. au ah kesel. mana series nya lagi seruüò≠üò≠üò≠",cucuabiba
2020-07-15 14:22:29+00:00,1283406588397580289,"@yunb0b @madanwolfgang Saya dri dulu ji sakisaki...

Makanya pake XLhome :v",Alulmatasapi
2020-07-15 10:56:37+00:00,1283354778068611072,"@xlhomeid halo min, saya mau pasang xlhome dan sudah hubungi agen untuk pendaftaran. Saya sudah kirim foto ktp dan informasi tapi sampai sekarang belum ada info kapan bisa dipasang. Ada tiang xlhome depan rumah tapi katanya rumah saya belum terdaftar. itu bagaimana ya?",emsignacci
2020-07-15 09:30:25+00:00,1283333084255883264,@xlhomeid om boleh cek coverage xlhome di daerah rumah ogut,miadinho
2020-07-15 07:35:31+00:00,1283304170682904576,"Sy udah coba berkala min @pegadaian trus sdh pake jaringan selular  dari telkomsel dan tri, pernah pake jaringan wifi indihome dan xlhome, msh susah login üòÇüòÇ https://t.co/LFPYK2ZgHt",rezalwi
2020-07-15 06:14:09+00:00,1283283694258536449,@ykhcl  Hi Hell. mohon maaf untuk hal tersebut ya dan adakah yang bisa kami bantu mengenai XLHome Fiber? #Thanks ^AdI :),xlhomeid
2020-07-15 02:49:17+00:00,1283232139190755328,"@xlhomeid HALLO XLHOME, INTERNET SAYA MATI TOTAL SEJAK 9 JULI, SUDAH SAYA FOLLOW UP BERULANG KALI VIA TWITTER DAN CALL CENTER, KETERLALUAN SEKALI MEMBIARKAN CUSTOMER-NYA TIDAK DILAYANI DENGAN CEPAT UNTUK KASUS MATI TOTAL APALAGI KARENA PERANGKAT ROUTER RUSAK... NUNGGU UPDATE SAMPAI KAPAN??",AFAIRAC
2020-07-15 02:22:40+00:00,1283225437632528384,"@hhaaarrreee  Hi, yuk cek langsung area dan pendaftarannya di https://t.co/eWvVRLbOiX untuk detail produk XLHome Fiber kami. #Thanks ^AdI :)",xlhomeid
2020-07-14 15:10:25+00:00,1283056262968729601,"Pasang xl home karena indihome gabisa netflix, tp indihome ttp di keep krn xlhome gada cable tv nya. eh skrg indihome nya udh bisa netflix asw bgtüôÇ https://t.co/lOYihwkJk5",itsmehnono
2020-07-14 14:22:00+00:00,1283044077240487937,@sbyfess xlhome,unniebe
2020-07-14 07:53:16+00:00,1282946248496918529,"@UpikRhmn @IndiHome @XLHome @flexi eh lain Flexi nya sklinya, kira kartu wkwk",irnaahs
2020-07-14 07:52:37+00:00,1282946084185059328,@UpikRhmn @IndiHome @XLHome @flexi buang aja,irnaahs
2020-07-14 07:01:20+00:00,1282933181373493248,@nanalagiii @IndiHome @XLHome @flexi Aku dah banyak punya sepatu kayapa,UpikRhmn
2020-07-14 07:00:11+00:00,1282932890892787713,@UpikRhmn @IndiHome @XLHome pindah ke @flexi aja,irnaahs
2020-07-14 06:54:12+00:00,1282931383191494657,@nanalagiii @IndiHome Aku muk pindah xixixi  @XLHome,UpikRhmn
2020-07-14 04:43:56+00:00,1282898602134654979,Semoga menang kuiz #Twogether dr #XLHOME ngarep bgt akutuw üòØüòØ,neyaonye
2020-07-14 02:11:15+00:00,1282860177805373440,@kissdlu  Terkait layanan XLHome Fiber bisa disampaikan via DM ya :) #Thanks ^Dian,xlhomeid
2020-07-13 17:25:42+00:00,1282727919001858054,"@xlhomeid gan, masukin dong layanan xlhome di  perumahan seribu (komplek mustika griya permai) cindai alus martapura kalimantan selatan. Mepet di perbatasan antara kota banjarbaru dan martapura. Sama luasin jangkauan layanannya di kota banjarbaru dong, ke arah balitan dan amaco",DamarGU
2020-07-13 15:53:42+00:00,1282704766494109697,"Buruan dong,, xlhome ke, apaa kek provider lain,, kapan kalian ekspansi ke kalimantan,, banyak yg nunggu tuh , yg pengen beralih dari indihome",ariagfa
2020-07-13 12:34:44+00:00,1282654695534628864,@dimaswaluyo apaan tu xlhome gada ya kimak,sandiword
2020-07-13 10:39:00+00:00,1282625569188753415,@sandiword Xlhome sob kebut,dimaswaluyo
2020-07-13 09:35:17+00:00,1282609534234591232,@xlhomeid sore. Bisa info aplikasi apa saja saat ini yang ada di xlhome? Terima kasih,ariesetiawan119
2020-07-13 08:47:15+00:00,1282597445185069056,"@adoIfhitlar  Baik Ujang, ditunggu ya dan jika masih ada hal lain yang ingin ditanyakan seputar layanan XLHome Fiber, dapat menghubungi kami kembali ya. #Thanks ^AdI :)",xlhomeid
2020-07-13 06:19:30+00:00,1282560265146339330,"@xlhomeid min, cek coverage jika bukan diperumahan apakah memungkinkan dibuat new site? Minimal berapa yg pasang di new site nya untuk xlhome fiber nya? Dibantu ya min. Tks",KALLvardhan
2020-07-13 00:05:03+00:00,1282466030871146496,"@Mister_Rafli  Hi Rafli, terkait layanan XLHome Fiber bisa disampaikan via DM ya, akan kami bantu cek :) #Thanks ^Dian",xlhomeid
2020-07-13 00:02:58+00:00,1282465506595794944,"@huangisdery  Hi Nana, terkait layanan XLHome Fiber bisa disampaikan via DM ya :) #Thanks ^Dian",xlhomeid
2020-07-12 13:25:27+00:00,1282305071594659841,@aesTaethixx Xlhome makanya hyung,sjxuwu
2020-07-12 08:35:26+00:00,1282232084208078850,@xlhomeid min apakah daerah saya ada xlhome?,Rickyfandyn
2020-07-12 06:49:19+00:00,1282205379082907648,Wifi dibjm nih selain indihome atau xlhome ada lagi kah? /wal,banjarbase
2020-07-12 04:35:29+00:00,1282171700549873664,"@customerbacot nungguin reply nih

kalo ga bisa mau pasang xlhome aja",vixtorious
2020-07-12 03:40:53+00:00,1282157958340567041,@mada_wu  Terkait layanan XLHome Fiber bisa disampaikan via DM  ya :) #Thanks ^Dian,xlhomeid
2020-07-12 03:11:40+00:00,1282150608561217537,#xlhome #xlhomemks #internetrumahsupercepat #internetunlimited #internetcepatunlimited @ Dg.tata https://t.co/RI56RAuPS3,ArisHadiartoNEP
2020-07-12 00:02:45+00:00,1282103065865154560,"@halfin10257392  Hi Halfin, adakah yang bisa kami bantu mengenai XLHome Fiber? #Thanks ^AdI :)",xlhomeid
2020-07-12 00:01:31+00:00,1282102753175564288,"@MGiiass  Hi Mchmd, adakah yang bisa kami bantu mengenai XLHome Fiber? #Thanks ^AdI :)",xlhomeid
2020-07-11 14:09:49+00:00,1281953849704476672,Check out my @Speedtest result! How fast is your internet? https://t.co/fKt2fPIRnS #speedtest #XLHome,hanobomba
2020-07-11 13:26:28+00:00,1281942938516250624,@subtanyarl xlhome,veluvies
2020-07-11 13:18:44+00:00,1281940992510382081,#xlhome #xlhomemks #internetunlimited #internetrumahsupercepat #makassar #gowa #sungguminasa #internet #dirumahaja #enakandirumah @ Minasa Upa https://t.co/kypmK8Sfpy,ArisHadiartoNEP
2020-07-11 09:19:47+00:00,1281880857150492672,"Dear XLHOME, tolong lah jaringanku 100mbps tp serasa 0,5mbps ni lemot banget @xlhomeid",hemliii
2020-07-11 08:18:00+00:00,1281865309599612928,xlhome,Abiyyu29247265
2020-07-10 15:16:28+00:00,1281608234067824642,@budakkorporat_ XLHome it is,gladysayundyahp
2020-07-10 15:09:20+00:00,1281606439094509568,@budakkorporat_ FIRSTMED AJA (aq si sby pake ini udh bertahun2) atau XLHome,gladysayundyahp
2020-07-10 11:43:33+00:00,1281554650047475713,"@Kentun666 ayo ganti2 wkwk xlhome, biznet, myrep, oxygen bagus to wkwk",N_Arbiyan
2020-07-10 11:37:48+00:00,1281553203973074946,Bye indihome halo xlhome :),hasabitiyas
2020-07-10 11:11:04+00:00,1281546477660106752,@lilobsw @xlhomeid buat dirumah yg di meruyung mas huhu coveragenya cm indihome sm xlhome,eat_gelatos
2020-07-10 08:29:57+00:00,1281505931646271488,"@xlhomeid apakah ada planning xlhome fiber menjangkau kota Malang, Jawa Timur ?",Wiwid_colgate
2020-07-10 08:26:53+00:00,1281505155892965381,@Nawangxxk Iyaa wkt blm ada wifi tsel gue jelek bgt eh akhirnya minta tethering bokap yg pake xl sumpah lancar bgt. Akhirnya pasang xlhome dan alhamdulillah cepet bgt. Bingung tsel lg kenapa sih jd jelek bgt,Betharicz
2020-07-10 07:44:38+00:00,1281494525630808064,@xlhomeid Min apakah saat beli izi ini daerahnya harus telah tercover jaringan xlhome kah? Atau daerah sembarang bisa?,defianpanji
2020-07-10 06:49:49+00:00,1281480730808184832,@senorilet Ak juga nyari nyari ttg xlhome tapi kantornya jauh dari rumah..,mylifeistzu
2020-07-10 03:43:20+00:00,1281433798077493249,Pasang INTERNET SUPER CEPAT? WhatsApp 085736815962 #xlhome #xlhomemks https://t.co/145K0svTfB,ArisHadiartoNEP
2020-07-10 03:39:01+00:00,1281432711861686273,"Reminder
Tiba-tiba kemaren sore di inbox temen kuliyah di Amikom dulu, nanya XLHome karna lagi trouble, singkat cerita dia bilang, temen2 yg masih ketemu, fulan,fulan,fulannah, kalau si fulan ini sudah meninggal, Inna lillaahi wa innaa ilaihi raaji'uun, seketika gw langsung kicep",aditpongok
2020-07-10 03:06:33+00:00,1281424545128173569,"@shaw_purple  Hi Sarah, adakah yang bisa kami bantu mengenai XLHome Fiber? #Thanks ^AdI :)",xlhomeid
2020-07-10 02:09:02+00:00,1281410068819279873,"@maratulkhusnaa  Hi Mara, terima kasih atas konfirmasinya ya dan jika ada hal lain yang ingin ditanyakan seputar layanan XLHome Fiber, dapat menghubungi kami kembali ya. #Thanks ^AdI :)",xlhomeid
2020-07-10 00:07:06+00:00,1281379381164732416,"@Denz61712899  Hi Denz, adakah yang bisa kami bantu mengenai XLHome Fiber? #Thanks ^AdI :)",xlhomeid
2020-07-10 00:06:57+00:00,1281379345693433857,"@andriepilog  Hi Andri, layanan XLHome Fiber teruntuk bagi semuanya selama area sudah tercover ya. Yuk cek detail lokasinya di https://t.co/eWvVRLbOiX. #Thanks ^AdI :)",xlhomeid
2020-07-10 00:06:24+00:00,1281379208816549888,"@Prabutegarch  Hi, adakah yang bisa kami bantu mengenai XLHome Fiber? #Thanks ^AdI :)",xlhomeid
2020-07-10 00:06:06+00:00,1281379129640620032,"@fairusgg  Hi Angsty, adakah yang bisa kami bantu mengenai XLHome Fiber? #Thanks ^AdI :)",xlhomeid
2020-07-10 00:05:58+00:00,1281379096509837312,"@herdianginola1  Hi Herdian, adakah yang bisa kami bantu mengenai XLHome Fiber? #Thanks ^AdI :)",xlhomeid
2020-07-10 00:05:49+00:00,1281379059184791552,"@agidbayu  Hi Segoro, kalau itu diluar kami ya dan adakah yang bisa kami bantu mengenai XLHome Fiber? #Thanks ^AdI :)",xlhomeid
2020-07-09 20:17:15+00:00,1281321538357063680,"@xlhomeid Min, xlhome ini hanya utk perumahan dan komplek ya, sektor usaha, atau rumah non kompleks ngga bisa join ?",andriepilog
2020-07-09 20:04:16+00:00,1281318273288560641,@collegemenfess Xlhome 333k 100mbps unlimiteeed,sobatmodol
2020-07-09 19:50:54+00:00,1281314909779668992,@adnanbajuri Xlhome ngganteng neng jogja?,aozorars_
2020-07-09 19:34:55+00:00,1281310887513473024,indiehome trouble. sales xlhome : https://t.co/TdXw3H07D8,adnanbajuri
2020-07-09 15:46:49+00:00,1281253484214366209,@xlhomeid Medan apakah sdh ada xlhome nya,SaifulAnwar_GC
2020-07-09 15:45:46+00:00,1281253218576502786,"Kalisari itu daerah jakarta timur tapi lucu sih provider segede myrepublic, biznet , xlhome fiber blum mau masuk ke area sini..",Sakawrdana
2020-07-09 14:39:39+00:00,1281236579399303171,@jeonthseagul Aku sih pake xlhome ga lemot,sjxuwu
2020-07-09 14:10:00+00:00,1281229118600704001,"Dikala Indihome lemot, XLhome mengirim godaan https://t.co/VhVzD2gSk4",Adhiyat21
2020-07-09 12:03:59+00:00,1281197403329028096,"@itri___  Hi Gitasaf,  Yuhuuuu penggemar sepak bola sekarang udah bisa nonton liga-liga favorit kamu lewat Vidio dari XLHome : D #Thanks ^Dian",xlhomeid
2020-07-09 12:03:05+00:00,1281197179143467008,"@AtiNurhidayati3  Hi Ati,  Yuhuuuu penggemar sepak bola sekarang udah bisa nonton liga-liga favorit kamu lewat Vidio dari XLHome : D #Thanks ^Dian",xlhomeid
2020-07-09 11:55:41+00:00,1281195317711368192,"@ykhcl  Hi,  yuhuuuu penggemar sepak bola sekarang udah bisa nonton liga-liga favorit kamu lewat Vidio dari XLHome : D #Thanks ^Dian",xlhomeid
2020-07-09 10:23:32+00:00,1281172123893915648,"Monggo yg Mau Pasang Wifi Dirumah dan Tempat Usaha. Info Pemasangan Internet Full Unlimited.
Hub 08817010864 
https://t.co/iW6jXM3S2N
https://t.co/zuUMWZNyNn 
#wifimalang #internetmalang #wifi.id #mncplaymedia #xlhome #myrepublic #Indihome #firstmedia https://t.co/59igaJDOay",dagangan_malang
2020-07-09 09:40:31+00:00,1281161301125763073,debat kusir xlhome vs indihome https://t.co/m2FUZowc87,pemikatpria
2020-07-09 09:29:40+00:00,1281158569241440261,"@sektebadut bukan, make xlhome",onlygoodiey0ung
2020-07-09 09:19:07+00:00,1281155913701666817,"@RBayuW1  Hi Bayu, terkait layanan XLHome Fiber bisa disampaikan via DM ya :) #Thanks ^Dian",xlhomeid
2020-07-09 09:15:15+00:00,1281154942246371329,@xlhomeid kak Xlhome daerah condoncatur gangguan ya kok enggak bisa d akses,Febry2393
2020-07-09 09:03:31+00:00,1281151987078184963,"[] xlhome tumben sih trouble lamak :"") hikd lagi asik nonton padahal.",suaddeuki
2020-07-09 08:46:20+00:00,1281147663249858561,"hai @xlhomeid plis inet mati dari siang ini, dan dialamin semua temen yg pake xlhome",ayahedzaky
2020-07-09 08:02:33+00:00,1281136646000279552,@rhifoo xlhome aja namanya ngikutin indihomeü§™,pemikatpria
2020-07-09 06:53:05+00:00,1281119163470057475,"@pemikatpria kl indihome suruh restart modem, kl xlhome lgsg dateng teknisinya WKWKWK",rhifoo
2020-07-09 05:06:31+00:00,1281092346298298368,@rhifoo hmm soalnya kl nanya sm cs xlhome gabakal direspon ya?,pemikatpria
2020-07-09 04:08:23+00:00,1281077715718660096,"@xlhomeid min, saya dapat info kl xlhome sudah masuk bandung. Apakah valid? Dan saya coba hubungi marketingnya, ada persyaratan meminta data diri serta foto sambil memegang ktp",ahmdhilm
2020-07-09 02:37:46+00:00,1281054913192030208,"mau ganti dari indihome, pas liat2 xlhome, isi komennya komplen semua :))",jojopatricka
2020-07-08 12:27:01+00:00,1280840812486508546,"sampe besok, wicis hari ke 5 nungguin teknisi @xlhomeid yg bahkan ngontak aja ga samsek, ga dateng2 buat masang wifi, fix cancelled bgt, masang indohome bae, ga kudu nunggu berharihari gini. üëéüèΩüëéüèΩüëéüèΩüëéüèΩ

Nyesel bgt kemaren2 pamerin xlhome ke temen2 kalo pelayanannya gini.",piscockk
2020-07-08 11:55:28+00:00,1280832873818255360,"@xlhomeid min tolong dipercepat dong pengadaan jaringan XLHome di Lavanya Hills Residence cluster Ayana, Cinere, Depok. Plizz üôèüèª",bctrsn
2020-07-08 09:27:21+00:00,1280795598191353858,"@xlhomeid Channel tv yang tersedia di xlhome apa aja ya? Hbo, foxmovies gitu ada ga?",bennyrabbani_
2020-07-08 08:41:09+00:00,1280783972704808961,@microsoftna @naniiingg @IndiHome @TelkomCare Ganti aja kak ke XLhome,Dennisaa__
2020-07-08 06:48:14+00:00,1280755555619835905,#FotoProfilBaru #xlhome https://t.co/9egnfSgLyR,AhmadJu30404681
2020-07-08 04:46:22+00:00,1280724887074529280,XL HOME BEKASI di #Google https://t.co/6nDlPT9fFb #xlhome #xlhomebekasi #wifi #internet #UnlimitedTanpaTapi #UNLIMITED #mncvision #transvision #parabola,BudiSimple
2020-07-08 04:17:06+00:00,1280717521767657472,"@Mangap7 Dia bikin tiang sendiri sih, tapi tetep semrawut sama yg lain. Btw ga indiehome doang gw pake xlhome gitu jg..",elleeens
2020-07-08 02:50:02+00:00,1280695609398198273,"@adlan_rosyadan  Hi Adlan, adakah yang bisa kami bantu mengenai XLHome Fiber? #Thanks ^AdI :)",xlhomeid
2020-07-08 00:03:38+00:00,1280653735622963201,"@Alvin91799226  Hi Alvin selamat pagi dan terima kasih kembali ya. Jika masih ada hal lain yang ingin ditanyakan seputar layanan XLHome Fiber, dapat menghubungi kami kembali ya. #Thanks ^AdI :)",xlhomeid
2020-07-07 18:43:47+00:00,1280573243112386561,@rhifoo DRPD GANTI XLHOME,pemikatpria
2020-07-07 17:37:06+00:00,1280556459055407104,uSeR XLhome: norak ya klean. https://t.co/UNiqssQzqC,antidukun
2020-07-07 16:03:09+00:00,1280532816833376257,@lurdbertus Apakah rumahmu sudah bekerjasama dengan xlhome,SayaLukas
2020-07-07 14:40:27+00:00,1280512003686256642,@AmaterasuKai @IndiHome udah ganti xlhome aja gan,imadeshouu
2020-07-07 14:09:38+00:00,1280504249663787012,@Jonathan_W_M @VVYND Ini pakw xlhome bang?,tokopakedia
2020-07-07 13:59:28+00:00,1280501689783586818,mancing tementemenku tersayang yg make xlhome firstmedia dan sebagainyaüôÇüåà https://t.co/ArV2VB0bKU,pemikatpria
2020-07-07 13:22:11+00:00,1280492310141100032,@WatchmenID nak anak xlhome can relate haha,xxsiarls
2020-07-07 12:47:32+00:00,1280483590548013056,indihome udah bisa netflix bodoamat anjeng gw tetep pengen ganti ke xlhome atau biznet plis lah,xbannero
2020-07-07 12:16:24+00:00,1280475754157899781,@hengkidh @detikinet @betaahyani user xlhome nYiM4k.,rendiazmi
2020-07-07 11:21:22+00:00,1280461904041803777,"@kinantiayu_ hoo ngono, nah nah kalo xlhome begimana dah tuh perpaketannya?",cendytrendyant
2020-07-07 11:17:56+00:00,1280461038555545600,"Mau pasang xlhome, myrep, biznet ga ada yg ngecover. Masa iya harus pasang indihomeüôÉ",deawfff
2020-07-07 11:16:39+00:00,1280460716764327936,"@xlhomeid Waduh min padahal saya suka, karna saya kubu xlhome",natanichia
2020-07-07 11:01:56+00:00,1280457014892613632,Gak jadi beralih ke XLHome. üòÅ,adhycullen
2020-07-07 10:01:04+00:00,1280441694966579200,"@NetflixID Semenjak XLhome promo dan slalu bawa netflix didalam promo nya, dan Biznet juga bgitu. Nampak nya Telkom bener2 brasa dampaknya",JakaPanjul
2020-07-07 09:28:09+00:00,1280433413707534343,@hnrhmwt @andarinirizky Xlhome jelek kah disana sinyalnya han? Disini pada rame hijrah ke xlhome karena Indihome gangguan muluk,fiqyaaa
2020-07-07 08:35:54+00:00,1280420261741953024,Wkwk udh bisa netflix :( pdhl udh beli wifi xlhome https://t.co/EIlZarCZ7a,browniepanggang
2020-07-07 08:23:55+00:00,1280417245911375872,"Indihum users: AKIRNYA BISA NONTON NETFLIX TANPA VPN

Xlhome users: https://t.co/4kpqJXuNxL",misterfahmi_
2020-07-07 06:56:40+00:00,1280395292198572032,@collegemenfess xlhome,gazabngktt
2020-07-07 06:55:27+00:00,1280394983925673984,"Mantap jua netflix bisa dah kd pakai vpn, kd jadi am pindah xlhome wkowwkwok",vodkabilIy
2020-07-07 04:28:08+00:00,1280357911718330372,"@amirk @hwhardana berarti internet doang bisa.
FM, biznet, myrep, xlhome....and so on.

tinggal nyari substitusi layanan channel tvnya.
sejauh ini tv nasional dan tvn udah aman via vidio.",andiraa
2020-07-07 03:29:36+00:00,1280343179120664576,"@nianugroho @upilkelabu Yg xlhome ""izi"" ini selular bukan kabel fiber jadi bisa di mana aja, gak tergantung coverage kayak xlhome yg yg fiber.

Ngisi pulsa ostosmastis dikonvert ke kuota GB.",sheque
2020-07-07 03:19:44+00:00,1280340697124503552,@upilkelabu @nianugroho Gw baru nyobain neh xlhome. Ntar gw share deh. Sebenernya ya yg pake udara begini mah tetep tergantung BTS. Tapi konon jalur BTS nya beda sama yg buat mobile biasa.,sheque
2020-07-07 03:18:35+00:00,1280340407155437568,"@nianugroho Katanya xlhome bagus ya?
*Ngomongnya pelanpelan
**Masih berasa kompetitor
***Akibat kelamaan handle telco",upilkelabu
2020-07-07 00:15:55+00:00,1280294438179270658,@ahlarsya Xlhome katanya bagus wkwk,alyyaaak
2020-07-06 12:12:36+00:00,1280112411740000256,@myXL Udah dari senin ke senin lagi layanan XLHome belum masuk2 juga ke New Anggrek 2 GDC üò¢üò¢üò¢,HafistSubchan
2020-07-06 12:10:18+00:00,1280111830182948864,@yoansnow ada. xlhome apa ya. emang masih baru kok itu,heynads_
2020-07-06 10:30:38+00:00,1280086748735762438,"Biznet gak bisa....

Xlhome blom masuk daerah cakupannya..

Mau nagis aja",MervileFraise
2020-07-06 06:26:49+00:00,1280025392519106561,@xlhomeid siang . Apakah xlhome daerah gowa bermassalah ? Lampu LOS nya menyala . Makasih,Fadils19
2020-07-06 05:35:15+00:00,1280012413211774981,"Myrepublic gak nyampe, biznet gak nyampe, xlhome juga gak nyampe, apa atuh yang nyampe tehüò≠",firetr0ck
2020-07-06 05:14:57+00:00,1280007303173779458,"@almaujudy  Hi Uding, terkait layanan XLHome Fiber bisa disampaikan via DM ya :) #Thanks ^Dian",xlhomeid
2020-07-06 04:59:37+00:00,1280003446590988290,"@gegepoweranger  Mohon maaf, sesuai dengan informasi sebelumnya terkait layanan XLHome Fiber bisa disampaikan via DM ya :) #Thanks ^Dian",xlhomeid
2020-07-06 04:57:01+00:00,1280002792636080128,"@almaujudy  Hi Uding, apakah ada yang ditanyakan terkait dengan layanan XLHome Fibernya? #Thanks ^Dian",xlhomeid
2020-07-06 04:27:20+00:00,1279995320500228096,"@gegepoweranger  Hi Gege, terkait layanan XLHome Fiber bisa disampaikan via DM ya :) #Thanks ^Dian",xlhomeid
2020-07-06 00:07:04+00:00,1279929822014144513,@slmaandya2 pake xlhome donf,tisuumagicc
2020-07-05 19:38:43+00:00,1279862289647034368,"@dennyjuliantoo @xlhomeid Maaf kak mau nanya, dr pertama instalasi bs dipakai ga ya wifinya? Krn saya ga bs dipake sama sekali dr awal instalasi dgn alasan mas teknisinya blg emg blm stabil. Udh ada penanganan blm ya dr pihak xlhome nya? Makasi kak.",shaw_purple
2020-07-05 16:26:20+00:00,1279813877086081024,"udh ngontak sales rep myrep, cbn, biznet, xlhome dan oxygen tarik kabelnya kejauhan semuaaaaaaaaaaa balik lagi ke fm masa, padahal w yg cancel wkwk",lutfiym
2020-07-05 12:53:04+00:00,1279760205559914496,@Takarakanii Firstmedia? Setara sama indihome but lebih stabilü§î blm pernah denger xlhome-,nkyuann
2020-07-05 12:47:40+00:00,1279758844877365249,Mending xlhome atau firstmedia (¬¥„Éªœâ„ÉªÔΩÄ),MervileFraise
2020-07-05 11:41:22+00:00,1279742162440085504,Ketolilan gue hari ini udah ngegas internet mati dari pagi ke cs xlhome. Terus ternyata gue salah ngasih id pelanggan :))),teddiaritama
2020-07-05 04:55:21+00:00,1279639982701817856,"@selebcuit Sy pindah ke xlhome sekarang.  Saat ini masih lancar, moga2 setelah banyak konsumen gak ikutan jadi lemot",barryallen_1st
2020-07-05 02:38:01+00:00,1279605421699813376,"Pantes sinyal xl gue remuk pas malem, ternyata buat rebutan sama xlhome... Kalah lah",paklintang
2020-07-05 01:45:40+00:00,1279592250817695744,"Untuk area yg tercover silahkan Daftar
*DAFTAR XLHOME*

https://t.co/H1htcamAkk",xlhomejogja
2020-07-04 19:23:29+00:00,1279496071362707456,Benarkah mncplay &gt; biznet &amp; xlhome?,hijouzu
2020-07-04 16:11:04+00:00,1279447645409296384,"@xlhomeid halo xlhome
Apakah benar mendaftar lewat sales syaratnya begini ?
Saya takut datanya disalahgunakan untuk daftar pinjaman online saja, 
Terutama foto selfie dengan ktp üò¨, mohon infonya https://t.co/ETfz2B3NvF",baguskp
2020-07-04 14:40:59+00:00,1279424976404099073,@ndyahh @haerunn sini kalian kasi pindah rumah ke minasa upa ada xlhome,teleponkamu
2020-07-04 13:32:26+00:00,1279407725575716864,"@naufandendy  Hi, jika kami cek memang beda produk ya. Adapun router yang ditampilkan sebelumnya merupakan produk XLHome IZI dan bukan XLHome Fiber ya. #Thanks ^AdI :)",xlhomeid
2020-07-04 13:20:23+00:00,1279404691915280384,"@AestheticFateh  Hi Red, adakah yang bisa kami bantu mengenai XLHome Fiber? #Thanks ^AdI :)",xlhomeid
2020-07-04 11:31:28+00:00,1279377283795415040,@xlhomeid Beli kabel Fiber optic biar jaringan Xlhome sampe ke tumah ‚òπÔ∏è,hrstrz
2020-07-04 11:01:14+00:00,1279369672173989890,"@mykingchangkyun  Hi Nads, jika ada hal yang ingin ditanyakan seputar layanan XLHome Fiber, dapat menghubungi kami ya. #Thanks ^AdI :)",xlhomeid
2020-07-04 10:46:43+00:00,1279366022345060352,"@ObbieNugraha  Hi, adakah yang bisa kami bantu mengenai XLHome Fiber? #Thanks ^AdI :)",xlhomeid
2020-07-04 10:38:06+00:00,1279363853365637121,"@prasetyoh  Hi Prasetyo, terima kasih sudah menjadi pelanggan setia kami ya. jika ada hal lain yang ingin ditanyakan seputar layanan XLHome Fiber, dapat menghubungi kami kembali dan selamat menikmati layanan XL . #Thanks ^AdI :)",xlhomeid
2020-07-04 10:32:39+00:00,1279362482872578048,@squidwardfess xlhome,mcrquise
2020-07-04 09:23:15+00:00,1279345016914112514,"Pantes download ng omah karo download ng kosan banter ng kosan, omah nggo indihome kosan nggo XLhome https://t.co/JGc0N8uclZ",baguspanjiii
2020-07-04 05:48:35+00:00,1279290993091571713,@aphrodeaths skefo ttg instalasinya. sing sabar kalo daftar di xlhome,syanu_f
2020-07-04 05:46:23+00:00,1279290439485452288,xlhome bener-bener deh koneksi lo kenapa siiiüò°,sadawoah
2020-07-04 05:38:23+00:00,1279288426294996992,"@aphrodeaths memang instalasinya untung-untungan kalo xlhome, kayak arisan. saya daftar, 2 minggu kemudian lgsg diinstalasi. temanku duluan daripada saya malah tdk diinstalasi sampai sekarang wkwk",syanu_f
2020-07-03 15:58:56+00:00,1279082204870479873,@belahapsary Xl home coba bel. Gue pake xlhome gantinya republic,a84527hm
2020-07-03 13:46:57+00:00,1279048990412034048,@iIopeyou Ak xlhome,mistakeismee
2020-07-03 10:29:32+00:00,1278999309854240768,"@xlhomeid min sy dijadwalkan pemasangan hr ini tp teknisi fiberstar bilang direschedule dan tunggu dari xlhome nya aja, gmn sih min saya udah nunggu 2 minggu",elkahafer
2020-07-03 10:16:00+00:00,1278995903177560064,@IreneArumK Asik. Besok gw dah ganti xlhome.,andrie_gun
2020-07-03 10:01:27+00:00,1278992240153509889,@JogjaUpdate @justdading Saya posisi di jl sendang sari 33 sudah bisa pake XLhome. Rekomen bgt sih ini.,aldirockstar
2020-07-03 09:43:57+00:00,1278987837623291904,"Pengen ganti ke XLHome takutnya malah ga support di perumahan gw, hebat ugha yaa indihomo buat monopoli nya.",dontexpectmexd
2020-07-03 09:40:47+00:00,1278987041682800640,"@FakhryAuliyaR @hafidhadhiet @vngnc Btw, XLHome berapaan sih? Gw pen ganti tapi takut ga support di perumahan gw nya, soalnya rata2 Indohomo semua",dontexpectmexd
2020-07-03 05:33:10+00:00,1278924727046729730,"@vngnc memang asu, monopoli pasarnya gokil. di daerah gue xlhome, myrep gak masuk. sdkn indibaren berjaya disini",dahudaa_
2020-07-03 05:00:16+00:00,1278916445238263809,"@hafidhadhiet @vngnc Gua juga gitu, ada xlhome masuk komplek gua, langsung ganti, indick nya dibiarin aja jadi bangke. Ditagih2in terus bodo amat wkwk",FakhryAuliyaR
2020-07-03 03:13:12+00:00,1278889501243224070,@xlhomeid #dirumahsaja dengan XLhome ...mantul,Haryant46515892
2020-07-03 01:07:53+00:00,1278857964254670848,"@MuchammadHandi1  Hi Muchammad, adakah yang bisa kami bantu mengenai XLHome Fiber? #Thanks ^AdI :)",xlhomeid
2020-07-03 00:37:01+00:00,1278850196802134016,"@xlhomeid bisa minta tolong xlhome drmh lg gangguan, bs di bantu teknisi bwt kermh saya untuk wilayah cibinong jawa barat",azimiseptiann
2020-07-03 00:01:19+00:00,1278841210778447872,"@liatangsel Hi Senja, adakah yang bisa kami bantu mengenai XLHome Fiber? #Thanks ^AdI :)",xlhomeid
2020-07-02 14:34:48+00:00,1278698644040904704,"@eshasw Sebenarnya banyak pilihan, ada CBN, Fibernet dan XLHome juga...cuma masih expansi infrastructures",armeq
2020-07-02 09:20:58+00:00,1278619664944214016,See?? Xlhome da bummzzzzz https://t.co/U0Zz9iWM3a,IkhwanAminsyah
2020-07-02 07:44:50+00:00,1278595471653474306,"@xlhomeid hi, mau tanya? Untuk wilayah sentul city. Kabupaten bogor. Jawa barat, xlhome sudah cover belum ya?",priayi69
2020-07-02 05:06:55+00:00,1278555730589564929,"@subtanyarl Xlhome, lancar",schenario
2020-07-02 04:38:40+00:00,1278548623471439872,@xlhomeid Hi xlhome thanka yah sejak kmrn sore sampai sekarang kondisinya normal kembali https://t.co/yuJIiIkY8L,andiunru
2020-07-02 04:17:09+00:00,1278543206309756930,"@hmmgituuu  Hi Mai, apakah ada yang ditanyakan terkait dengan layanan XLHome Fibernya? #Thanks ^Dian",xlhomeid
2020-07-02 04:07:32+00:00,1278540789044240389,"@GadgetGaul Emang xlhome &amp; myrepublic itu mantap, sayang di sini belum sampe aja.
IndiHome menang merata doang emang. üòí",apfebrian24
2020-07-01 15:36:31+00:00,1278351789088051201,@myXLCare Min xlhome ada yg unlimited gak min.. Yang murah meriah kayak plat merah gtu min... Rumah saya pelosok min gak terjangkau wifi..,azkadotid
2020-07-01 14:19:49+00:00,1278332485261115392,"@Kikintan1  Siap lah Kins dan jika ada yang ingin ditanyakan seputar layanan XLHome Fiber, dapat menghubungi kami kembali ya. #Thanks ^AdI :)",xlhomeid
2020-07-01 14:03:47+00:00,1278328450873348096,@monsverr @collegemenfess magelang belum tercover minnn,Xlhome_Jogja
2020-07-01 13:20:17+00:00,1278317503475662849,"@agusindieee  HI Agus, mengenai layanan XLHome Fiber apakah ada yang ditanyakan? #Thanks ^AdI :)",xlhomeid
2020-07-01 12:38:35+00:00,1278307010476257281,"Juli ini keknya bakal boros buat hidup.
Pajak motor
Service motor
Tagihan xlhome
Itu aja dah agak menghela nafas",hemliii
2020-07-01 12:31:21+00:00,1278305188961333249,"@BonifasiusDhoka Hi Dhoka, adakah yang bisa kami bantu mengenai XLHome Fiber? #Thanks ^AdI :)",xlhomeid
2020-07-01 12:07:10+00:00,1278299103823228929,@xlhomeid hallo xlhome kenapa lemot banget ya ini masa saya speed test segini ne??? mohon dicek ID pelanggan saya 38228756 https://t.co/3g1Ebpefnu,zakkichukak
2020-07-01 10:44:37+00:00,1278278329749999616,@procrastiantor Xlhome bukannya kaya modem gitu ya dia?,zahdianr
2020-07-01 09:50:16+00:00,1278264649918451713,@xlhomeid xlhome ada d makassar gak?,inuaruarian
2020-07-01 09:15:27+00:00,1278255887803535361,@almostogether xlhome,tisuumagicc
2020-07-01 08:20:14+00:00,1278241992745484288,"@xlhomeid Nontonnya pake selain xlhome gapapa, min? Abisnya xlhome belum sampe daerahku sih ü§≠ü§£",syamone
2020-07-01 07:30:33+00:00,1278229489588162560,"@banjarbase Xlhome, tapi aku di bjb.",RiskyRinaldy1
2020-07-01 05:13:22+00:00,1278194968872402950,@myXLCare saya kok ga bisa nambah nomer xlhome di my xl ya? Error mulu,pzUH
2020-07-01 04:14:19+00:00,1278180106410717184,@andiunru @xlhomeid Turun skali speednya pacce ini xlhome hahaha,hsanusi
2020-07-01 01:19:43+00:00,1278136167716642818,"IndiHome atau XLHome

Mana yg lbh worth it?",ddiitmr
2020-06-30 17:36:28+00:00,1278019585594150912,"@coronabukanbeer Salah, XLhome",rizqisuraiya
2020-06-30 16:49:38+00:00,1278007801537675264,sumpah xlhome ngajak perang bgt,backatwan
2020-06-30 14:57:42+00:00,1277979633204424708,"@Humanbintang Terima kasih Ipin dan jika masih ada hal lain yang ingin ditanyakan seputar layanan XLHome Fiber, dapat menghubungi kami kembali ya. #Thanks ^AdI :)",xlhomeid
2020-06-30 14:49:50+00:00,1277977652385599495,"@Humanbintang Terima kasih Ipin dan jika masih ada hal lain yang ingin ditanyakan seputar layanan XLHome Fiber, dapat menghubungi kami kembali ya. #Thanks ^AdI :)",xlhomeid
2020-06-30 14:48:33+00:00,1277977326957944834,"@ngajaktawuran  Hi Agus, adakah yang bisa kami bantu mengenai XLHome Fiber? #Thanks ^AdI :)",xlhomeid
2020-06-30 14:47:48+00:00,1277977140374286345,"@adikasuta  Hi Suta, layanan XLHome Fiber menggunakan perangkat router ya. Sehingga akses data hotspotnya dari router ya bukan dari HP. #Thanks ^AdI :)",xlhomeid
2020-06-30 14:42:11+00:00,1277975726667386882,"@acmd420  Hi Marajuana, adakah yang bisa kami bantu mengenai XLHome Fiber? #Thanks ^AdI :)",xlhomeid
2020-06-30 13:05:47+00:00,1277951467857440768,"@karliaza  Hi Kzl, jika masih ada hal lain yang ingin ditanyakan seputar layanan XLHome Fiber, dapat menghubungi kami kembali ya. #Thanks ^AdI :)",xlhomeid
2020-06-30 12:59:45+00:00,1277949947539632130,"@naufalallam_  Hi Naufal, adakah yang bisa kami bantu mengenai XLHome Fiber? #Thanks ^AdI :)",xlhomeid
2020-06-30 12:49:29+00:00,1277947365110870016,"@rickynurrachman  Terima kasih dan jika masih ada hal lain yang ingin ditanyakan seputar layanan XLHome Fiber, dapat menghubungi kami kembali ya. #Thanks ^AdI :)",xlhomeid
2020-06-30 12:39:40+00:00,1277944894850359298,"@rickynurrachman  Hi Nur, adakah yang bisa kami bantu mengenai XLHome Fiber? #Thanks ^AdI :)",xlhomeid
2020-06-30 12:25:17+00:00,1277941276172627968,"@Meganbaaaa  Hi Megan, Saat ini Jogja sudah ada jaringan XLHome Fiber namun belum sampai ke area Pundong yah. Silakan cek updatenya di https://t.co/eWvVRLbOiX dan semoga bisa segera menjangkau area tersebut ya. #Thanks ^AdI :)",xlhomeid
2020-06-30 11:43:30+00:00,1277930757332168705,"@Eggo_Thief  Hi, adakah yang bisa kami bantu mengenai XLHome Fiber? #Thanks ^AdI :)",xlhomeid
2020-06-30 11:34:26+00:00,1277928477576925185,"@fikrinfl  Hi Fikri, baik jika demikian dan jika masih ada hal lain yang ingin ditanyakan seputar layanan XLHome Fiber, dapat menghubungi kami kembali ya. #Thanks ^AdI :)",xlhomeid
2020-06-30 11:32:53+00:00,1277928088710463489,"@yupamint  Hi Yupa, adakah yang bisa kami bantu mengenai XLHome Fiber? #Thanks ^AdI :)",xlhomeid
2020-06-30 11:12:57+00:00,1277923071622385664,"@dijilatenakbrou  Hi Brou, adakah yang bisa kami bantu mengenai XLHome Fiber? #Thanks ^AdI :)",xlhomeid
2020-06-30 10:02:00+00:00,1277905214129881088,"@Newwiee_T  Hi Thitipoom, adakah yang bisa kami bantu mengenai XLHome Fiber? #Thanks ^AdI :)",xlhomeid
2020-06-30 10:01:43+00:00,1277905145343311872,"@karliaza  Hi Kzl, adakah yang bisa kami bantu mengenai XLHome Fiber? #Thanks ^AdI :)",xlhomeid
2020-06-30 09:56:30+00:00,1277903832106721281,"@dudidadamm Hi, adakah yang bisa kami bantu mengenai XLHome Fiber? #Thanks ^AdI :)",xlhomeid
2020-06-30 09:08:49+00:00,1277891831984910336,"@afifikri Terima kasih kembali dan jika masih ada hal lain yang ingin ditanyakan seputar layanan XLHome Fiber, dapat menghubungi kami kembali ya. #Thanks ^AdI :)",xlhomeid
2020-06-30 08:46:04+00:00,1277886105103110144,"@riz_kicks  Hi Rizky, terkait layanan XLHome Fiber bisa disampaikan via DM ya :) #Thanks ^Dian",xlhomeid
2020-06-30 08:39:08+00:00,1277884362004955141,"@afifikri  Hi, adakah yang bisa kami bantu mengenai XLHome Fiber? #Thanks ^AdI :)",xlhomeid
2020-06-30 08:38:14+00:00,1277884134476574720,"@rxrnxx  Hi Randiansah, apakah ada yang ditanyakan terkait dengan layanan XLHome Fibernya? #Thanks ^Dian",xlhomeid
2020-06-30 08:24:36+00:00,1277880703359713282,@xlhomeid Udah pernah nanya sama xlhome kok....,LeysKitchen
2020-06-30 08:05:46+00:00,1277875965230604289,"@GerhanaUli  Hi Yemima, mohon maaf untuk ketidaknyamanannya ya. Terkait layanan XLHome Fiber bisa disampaikan via DM ya :) #Thanks ^Dian",xlhomeid
2020-06-30 07:59:28+00:00,1277874378080874496,"@akoekusuma  Hi, apakah ada yang ditanyakan terkait dengan layanan XLHome Fibernya? #Thanks ^Dian",xlhomeid
2020-06-30 07:54:28+00:00,1277873122117423106,"@elisaasty  Hi Anastasia, terkait layanan XLHome Fiber bisa disampaikan via DM ya :) #Thanks ^Dian",xlhomeid
2020-06-30 07:54:23+00:00,1277873098692288514,"@aiayles Hi Aisyah, bener banget tuh dan Yuk langganan XLHome biar bisa nonton Netflix sambil santai langsung dari TV kamu :D #Thanks ^AdI :)",xlhomeid
2020-06-30 07:37:32+00:00,1277868858955542529,"@hikkmh  Hi, apakah ada yang ditanyakan terkait dengan layanan XLHome Fibernya? #Thanks ^Dian",xlhomeid
2020-06-30 07:24:24+00:00,1277865554653483015,"@preman_kalem  Hi, apakah ada yang ditanyakan terkait dengan layanan XLHome Fibernya? #Thanks ^Dian",xlhomeid
2020-06-30 07:23:06+00:00,1277865227392937984,"@suckhiya  Hi, apakah ada yang ditanyakan terkait dengan layanan XLHome Fibernya? #Thanks ^Dian",xlhomeid
2020-06-30 07:22:47+00:00,1277865148275847168,"@thmelind  Hi Melinda, apakah ada yang ditanyakan terkait dengan layanan XLHome Fibernya? #Thanks ^Dian",xlhomeid
2020-06-30 07:21:03+00:00,1277864711384526848,"@Iqballon14  Hi Iqbal, adakah yang bisa kami bantu mengenai XLHome Fiber? #Thanks ^AdI :)",xlhomeid
2020-06-30 07:17:37+00:00,1277863845604651009,"@rxrnxx  Hi Randiansah, adakah yang bisa kami bantu mengenai XLHome Fiber? #Thanks ^AdI :)",xlhomeid
2020-06-30 07:12:30+00:00,1277862560969003008,"@ftrhman  Hi Fathur, adakah yang bisa kami bantu mengenai XLHome Fiber? #Thanks ^AdI :)",xlhomeid
2020-06-30 06:56:29+00:00,1277858528309305344,"@xlhomeid Rumah saya kok gabisa pasang xlhome, padahal RT saya ter cover. Tetangga depan rumah saya bisa pasang, tapi dirumah saya engga padahal tiang jaringan xlhome berdiri tepat di depan rumah. Tolong bantu dong",hermantomb
2020-06-30 06:55:03+00:00,1277858170115772416,"@enalmegantaraa  Hi Mega, terima atas saran masukkanya ya. Kami harapkan untuk area jaringan XLHome Fiber kami bisa sesegera mungkin memperluas jaringan di area yang masih belum tercover. #Thanks ^AdI :)",xlhomeid
2020-06-30 06:51:56+00:00,1277857383465664512,"@hellyeahMUFC  Hi Man, adakah yang bisa kami bantu mengenai XLHome Fiber? #Thanks ^AdI :)",xlhomeid
2020-06-30 06:47:55+00:00,1277856373489856513,"@azhe_el  Hi Ciao, ditunggu pendaftarannya ya dan jika masih ada hal lain yang ingin ditanyakan seputar layanan XLHome Fiber, dapat menghubungi kami kembali ya. #Thanks ^AdI :)",xlhomeid
2020-06-30 06:47:21+00:00,1277856229092585473,"@selailotus  Hi Thea, adakah yang bisa kami bantu mengenai XLHome Fiber? #Thanks ^AdI :)",xlhomeid
2020-06-30 06:45:35+00:00,1277855787642007552,"@atinahika  Hi Strawbaby, saat ini XLHome Fiber sudah ada di Jogja loh. Cek udpatenya di https://t.co/eWvVRLbOiX untuk detail area yang sudah tercover ya. #Thanks ^AdI :)",xlhomeid
2020-06-30 06:43:25+00:00,1277855241283633152,"@bilbubble  Hi Minky, ditunggu update areanya yah. Semoga alamat Minky bisa sesegera mungkin bisa tercover jaringan XLHome Fiber. #Thanks ^AdI :)",xlhomeid
2020-06-30 06:39:11+00:00,1277854177293512704,"@aidhilprtmaa  Hi Aidhil, saat ini dengan XLHome Fiber bisa menikmati layanan Netflix loh ya. Yuk langganan XLHome biar bisa nonton Netflix sambil santai langsung dari TV kamu :D #Thanks ^AdI :)",xlhomeid
2020-06-30 06:36:15+00:00,1277853435790979073,"@batagorcrispy  Hi, terkait dengan perluasan areanya mohon ditunggu update jaringan XLHome Fiber ya. Saat ini kami sedang melakukan perluasan area dan cek https://t.co/eWvVRLbOiX untuk detailnya. #Thanks ^AdI :)",xlhomeid
2020-06-30 06:34:20+00:00,1277852956189057024,"@DandiKusumaR  Hi Dandi, adakah yang bisa kami bantu mengenai XLHome Fiber? #Thanks ^AdI :)",xlhomeid
2020-06-30 06:33:49+00:00,1277852823032487936,"@Masandri_  Hi Andri, adakah yang bisa kami bantu mengenai XLHome Fiber? #Thanks ^AdI :)",xlhomeid
2020-06-30 06:32:07+00:00,1277852398002696192,"@anismelatir  Hi Anis, adakah yang bisa kami bantu mengenai XLHome Fiber? #Thanks ^AdI :)",xlhomeid
2020-06-30 06:31:25+00:00,1277852222680821760,"@firassshi  Hi Fierce, adakah yang bisa kami bantu mengenai XLHome Fiber? #Thanks ^AdI :)",xlhomeid
2020-06-30 06:25:34+00:00,1277850747825086470,"@bodoahgmbl  Hi Ka, adakah yang bisa kami bantu mengenai XLHome Fiber? #Thanks ^AdI :)",xlhomeid
2020-06-30 06:24:23+00:00,1277850451002773504,"@fikrinfl  Hi Fikri, bisa jadi tuh. Yuk langganan XLHome biar bisa nonton Netflix sambil santai langsung dari TV kamu :D #Thanks ^AdI :)",xlhomeid
2020-06-30 06:19:13+00:00,1277849151166754817,"@sakitinterovert  Hi Adiatmaja, bener bange neh dan adakah yang bisa kami bantu mengenai XLHome Fiber? #Thanks ^AdI :)",xlhomeid
2020-06-30 05:52:57+00:00,1277842538800377856,"@imanlagi  Hi Iman, terkait layanan XLHome Fiber bisa disampaikan via DM ya :) #Thanks ^Dian",xlhomeid
2020-06-30 05:46:24+00:00,1277840893588828163,"@aceye  Hi,  apakah ada yang ditanyakan terkait dengan layanan XLHome Fibernya? #Thanks ^Dian",xlhomeid
2020-06-30 05:45:55+00:00,1277840772625125376,"@bimantaps  Hi Bima, apakah ada yang ditanyakan terkait dengan layanan XLHome Fibernya? #Thanks ^Dian",xlhomeid
2020-06-30 05:45:23+00:00,1277840637581123585,"@M4X_doto  Hi Arya, terkait layanan XLHome Fiber bisa disampaikan via DM ya :) #Thanks ^Dian",xlhomeid
2020-06-30 05:39:21+00:00,1277839118525886464,"@irxving  Hi Bayu, apakah ada yang ditanyakan terkait dengan layanan XLHome Fibernya? #Thanks ^Dian",xlhomeid
2020-06-30 05:38:38+00:00,1277838938338549760,"@auliarachmayang  Hi Auliarachmayangaus, apakah ada yang ditanyakan terkait dengan layanan XLHome Fibernya? #Thanks ^Dian",xlhomeid
2020-06-30 05:38:13+00:00,1277838832092672000,"@hiiarsyy  Hi Pinkguy, terkait layanan XLHome Fiber bisa disampaikan via DM ya :) #Thanks ^Dian",xlhomeid
2020-06-30 05:37:36+00:00,1277838679239614469,"@reyreyreynaldi  Hi, apakah ada yang ditanyakan terkait dengan layanan XLHome Fibernya? #Thanks ^Dian",xlhomeid
2020-06-30 05:36:54+00:00,1277838503145926656,"@zamazammee  Hi, apakah ada yang ditanyakan terkait dengan layanan XLHome Fibernya? #Thanks ^Dian",xlhomeid
2020-06-30 05:36:35+00:00,1277838419696082944,"@Kyrious_Enzam  Hi Rizki, apakah ada yang ditanyakan terkait dengan layanan XLHome Fibernya? #Thanks ^Dian",xlhomeid
2020-06-30 05:35:24+00:00,1277838123523665923,"@salsabilsvy  Hi Nand, terkait layanan XLHome Fiber bisa disampaikan via DM ya :) #Thanks ^Dian",xlhomeid
2020-06-30 05:35:02+00:00,1277838030976331776,"@dimsdims_eheeww  Hi Ardhito, apakah ada yang ditanyakan terkait dengan layanan XLHome Fibernya? #Thanks ^Dian",xlhomeid
2020-06-30 05:31:21+00:00,1277837102911156226,"@naufalkms_  Hi Muhammad, terkait layanan XLHome Fiber bisa disampaikan via DM ya :) #Thanks ^Dian",xlhomeid
2020-06-30 05:30:46+00:00,1277836959763709953,"@hirooowl  Hi Zydn, apakah ada yang ditanyakan terkait dengan layanan XLHome Fibernya? #Thanks ^Dian",xlhomeid
2020-06-30 05:30:26+00:00,1277836872295673857,"@summergardennn  Hi Hyolyn, apakah ada yang ditanyakan terkait dengan layanan XLHome Fibernya? #Thanks ^Dian",xlhomeid
2020-06-30 05:29:58+00:00,1277836756079894528,"@yourbaecek  Hi, terkait layanan XLHome Fiber bisa disampaikan via DM  ya :) #Thanks ^Dian",xlhomeid
2020-06-30 05:23:10+00:00,1277835045906952192,"@devihaheho  Hi Devi, apakah ada yang ditanyakan terkait dengan layanan XLHome Fibernya? #Thanks ^Dian",xlhomeid
2020-06-30 05:22:35+00:00,1277834897097256961,"@irhmfr  Hi, apakah ada yang ditanyakan terkait dengan layanan XLHome Fibernya? #Thanks ^Dian",xlhomeid
2020-06-30 05:21:58+00:00,1277834743963250693,"@gabriellakwngn  Hi Bells, apakah ada yang ditanyakan terkait dengan layanan XLHome Fibernya? #Thanks ^Dian",xlhomeid
2020-06-30 05:20:33+00:00,1277834385056657408,"@fachriauliad  Hi Dystopian, apakah ada yang ditanyakan terkait dengan layanan XLHome Fibernya? #Thanks ^Dian",xlhomeid
2020-06-30 05:17:56+00:00,1277833727482056706,"@garkyie  Hi Jughead, mohon maaf apakah ada yang ditanyakan terkait dengan layanan XLHome Fibernya? #Thanks ^Dian",xlhomeid
2020-06-30 05:17:23+00:00,1277833590370299904,"@gungws  Hi Gung, terkait layanan XLHome Fiber bisa disampaikan via DM ya :) #Thanks ^Dian",xlhomeid
2020-06-30 05:16:43+00:00,1277833423822848000,"@curryculumvitae  Hi Vitatituteto, apakah ada yang ditanyakan terkait dengan layanan XLHome Fibernya? #Thanks ^Dian",xlhomeid
2020-06-30 05:16:21+00:00,1277833330298216448,"@notgremlinflat  Hi Obadiah, terkait layanan XLHome Fiber bisa disampaikan via DM ya :) #Thanks ^Dian",xlhomeid
2020-06-30 05:15:41+00:00,1277833163331362816,"@nyanyawicaksana  Hi Pradnya, apakah ada yang ditanyakan terkait dengan layanan XLHome Fibernya? #Thanks ^Dian",xlhomeid
2020-06-30 05:14:31+00:00,1277832869293944832,"@deysibkry  Hi Deysi, terkait layanan XLHome Fiber bisa disampaikan via DM ya :) #Thanks ^Dian",xlhomeid
2020-06-30 05:10:16+00:00,1277831800887209986,"@deadspidey__  Hi, terkait layanan XLHome Fiber bisa disampaikan via DM ya :) #Thanks ^Dian",xlhomeid
2020-06-30 05:09:51+00:00,1277831692791635968,"@exxpld  Hi Jer, apakah ada yang ditanyakan terkait dengan layanan XLHome Fibernya? #Thanks ^Dian",xlhomeid
2020-06-30 05:08:20+00:00,1277831313467179008,"@vectumsempra  Hi Viky, apakah ada yang ditanyakan terkait dengan layanan XLHome Fibernya? #Thanks ^Dian",xlhomeid
2020-06-30 05:00:45+00:00,1277829404912058369,"@Masandri_  Hi Andri, terkait layanan XLHome Fiber bisa disampaikan via DM ya :) #Thanks ^Dian",xlhomeid
2020-06-30 04:52:35+00:00,1277827348755185665,"@soisologi  Hi, apakah ada yang ditanyakan terkait dengan layanan XLHome Fibernya? #Thanks ^Dian",xlhomeid
2020-06-30 04:49:31+00:00,1277826575170330624,"@bonvoyagje  Hi, apakah ada yang ditanyakan terkait dengan layanan XLHome Fibernya? #Thanks ^Dian",xlhomeid
2020-06-30 04:47:01+00:00,1277825947270443008,"@pemikatpria  Hi, terkait layanan XLHome Fiber bisa disampaikan via DM ya :) #Thanks ^Dian",xlhomeid
2020-06-30 04:45:30+00:00,1277825565827854336,"@meawgan  Hi, terkait layanan XLHome Fiber bisa disampaikan via DM ya :) #Thanks ^Dian",xlhomeid
2020-06-30 04:41:38+00:00,1277824592631885824,"@yudhaarip27  Hi Mas, apakah ada yang ditanyakan terkait dengan layanan XLHome Fibernya? #Thanks ^Dian",xlhomeid
2020-06-30 04:32:14+00:00,1277822229569396736,"@uniqueennn  Hi Mistery, apakah ada yang ditanyakan terkait dengan layanan XLHome Fibernya? #Thanks ^Dian",xlhomeid
2020-06-30 04:31:36+00:00,1277822068604538880,"@wallscorneto  Hi, terkait layanan XLHome Fiber bisa disampaikan via DM ya :) #Thanks ^Dian",xlhomeid
2020-06-30 04:19:07+00:00,1277818925086998528,"@leppi_cobra  Hi Lepik, mohon maaf untuk ketidaknyamannaya. Terkait layanan XLHome Fiber bisa disampaikan via DM ya :) #Thanks ^Dian",xlhomeid
2020-06-30 04:17:03+00:00,1277818406385807360,"@unhappythingg  Hi Po, apakah ada yang ditanyakan terkait dengan layanan XLHome Fibernya? #Thanks ^Dian",xlhomeid
2020-06-30 04:16:43+00:00,1277818321677594624,"@Hendralle  Hi Solo, terkait layanan XLHome Fiber bisa disampaikan via DM ya :) #Thanks ^Dian",xlhomeid
2020-06-30 04:15:16+00:00,1277817958958432256,"@RoyYosafat  Hi Roy, terkait layanan XLHome Fiber bisa disampaikan via DM ya :) #Thanks ^Dian",xlhomeid
2020-06-30 03:46:19+00:00,1277810673527840769,@nafiraimy Saat ini belum ada ya. Terkait layanan XLHome Fiber bisa disampaikan via pesan ya :) #Thanks ^Fitri,xlhomeid
2020-06-30 03:38:14+00:00,1277808636199268352,@basss_23 Terkait layanan XLHome Fiber bisa disampaikan via DM ya :) #Thanks ^Fitri,xlhomeid
2020-06-30 03:22:25+00:00,1277804657415340032,@INSNadi Terkait layanan XLHome Fiber bisa disampaikan via DM ya :) #Thanks ^Fitri,xlhomeid
2020-06-30 03:17:57+00:00,1277803533585092608,"@AdhimasWardhana  Hi Adhimas, terkait layanan XLHome Fiber bisa disampaikan via DM ya :) #Thanks ^Dian",xlhomeid
2020-06-30 03:17:06+00:00,1277803319092633600,"@mri_fajar Hi Fajar, terkait layanan XLHome Fiber bisa disampaikan via DM ya :) #Thanks ^Fitri",xlhomeid
2020-06-30 03:14:01+00:00,1277802542370402304,"@minumcuka  Hi Mika, terkait layanan XLHome Fiber bisa disampaikan via DM ya :) #Thanks ^Dian",xlhomeid
2020-06-30 02:45:38+00:00,1277795402809401345,"@mrcnstndrd  Hi, terkait layanan XLHome Fiber bisa disampaikan via DM ya :) #Thanks ^Dian",xlhomeid
2020-06-30 02:09:39+00:00,1277786345553854464,SEBAGAI USER XLHOME SAYA MENERTAWAI MEME INI WKWKW. Wifi kok gabisa netflix anyink https://t.co/A3nZWdZZFs,screwyoumorons
2020-06-30 02:08:49+00:00,1277786135599566848,"@rysrystr  Hi, apakah ada yang ditanyakan terkait dengan layanan XLHome Fibernya? #Thanks ^Dian",xlhomeid
2020-06-30 01:50:35+00:00,1277781548683505664,"@irdizii  Hi Irdi, terkait layanan XLHome Fiber bisa disampaikan via DM ya :) #Thanks ^Dian",xlhomeid
2020-06-30 01:44:29+00:00,1277780013987708930,"@inop_noip Hi Imantaka, Yuk langganan XLHome biar bisa nonton Netflix sambil santai langsung dari TV kamu :D #Thanks^Fitri",xlhomeid
2020-06-30 01:33:57+00:00,1277777361056890880,"@imanlagi @xlhomeid Pake orbit, produk barunya telkomsel macem xlHome bang. 100GB cuma 130rb. Kabarnya bulan depan udah bisa akses itu kokü•≥",metagricita
2020-06-30 01:16:59+00:00,1277773092383682560,"@nadiahzsfr  Hi, terkait layanan XLHome Fiber bisa disampaikan via DM ya :) #Thanks ^Dian",xlhomeid
2020-06-30 01:08:37+00:00,1277770984687169536,"@catreonot   Hi, yuk langganan XLHome biar bisa nonton Netflix sambil santai langsung dari TV kamu :D #Thanks ^Dian",xlhomeid
2020-06-30 01:05:55+00:00,1277770307432878081,"@misterfahmi_  Hi, terkait layanan XLHome Fiber bisa disampaikan via DM ya :) #Thanks ^Dian",xlhomeid
2020-06-30 01:01:45+00:00,1277769256436809728,"@ridwan87776745  Hi Ridwan, terkait layanan XLHome Fiber bisa disampaikan via DM ya :) #Thanks ^Dian",xlhomeid
2020-06-30 01:00:56+00:00,1277769051457024002,"@eshafajark  Hi, apakah ada yang ditanyakan terkait dengan layanan XLHome Fibernya? #Thanks ^Dian",xlhomeid
2020-06-30 00:58:50+00:00,1277768525126365184,"@enfildland  Hi Maizul, terkait layanan XLHome Fiber bisa disampaikan via DM ya :) #Thanks ^Dian",xlhomeid
2020-06-30 00:57:02+00:00,1277768070455373824,"@romdansindu  Hi Romdan, yuk langganan XLHome biar bisa nonton Netflix sambil santai langsung dari TV kamu :D #Thanks ^Dian",xlhomeid
2020-06-30 00:55:32+00:00,1277767693777526788,"@xlhomeid Jaringan XLhome masukin ke Kabupaten Sinjai, then we talk",JanAdiputra
2020-06-30 00:54:35+00:00,1277767452756074496,"@danielmaynard  Hi Daniel, terkait layanan XLHome Fiber bisa disampaikan via DM ya :) #Thanks ^Dian",xlhomeid
2020-06-30 00:49:07+00:00,1277766079834542082,"@xlhomeid Min cara langganan XLhome gimana ya? Saya di Bekasi, apakah bisa?",askahiran
2020-06-30 00:47:25+00:00,1277765650186858497,"@dmsmarno  Hi Dimas, yuk langganan XLHome biar bisa nonton Netflix sambil santai langsung dari TV kamu :D #Thanks ^Dian",xlhomeid
2020-06-30 00:46:19+00:00,1277765372842700800,"@haarjs  Hi, terkait layanan XLHome Fiber bisa disampaikan via DM ya :) #Thanks ^Dian",xlhomeid
2020-06-30 00:45:07+00:00,1277765070710124544,"@xlhomeid Tetangga saya pake XLHome, mau ikutan daftar, pas telpon XLHome katanya daerah situ gaada XLHome yaudah gajadi.",sobatlikeearth
2020-06-30 00:43:01+00:00,1277764542752153606,"@jeremynoel_  Hi Jeremy, yuk langganan XLHome biar bisa nonton Netflix sambil santai langsung dari TV kamu :D #Thanks ^Dian",xlhomeid
2020-06-30 00:40:08+00:00,1277763819561877507,@xlhomeid boleh tolong cek lokasi rumah saya sudha masuk jangkauan blm untuk xlhome? Bumi sani permai kel setia mekar kec tambun selatan. Terima kasih,inisiju
2020-06-30 00:39:43+00:00,1277763711659204608,@lalabohang Yuk langganan XLHome biar bisa nonton Netflix sambil santai langsung dari TV Lala :D #Thanks ^ Hendry :),xlhomeid
2020-06-30 00:39:16+00:00,1277763598454943744,"@fadhila_yeru  Hi Fadhila, yuk langganan XLHome biar bisa nonton Netflix sambil santai langsung dari TV kamu :D #Thanks ^Dian",xlhomeid
2020-06-30 00:35:50+00:00,1277762733635547136,"@yupamint  Hi Yupa, yuk langganan XLHome biar bisa nonton Netflix sambil santai langsung dari TV kamu :D #Thanks ^Dian",xlhomeid
2020-06-30 00:32:00+00:00,1277761772045234176,"@INSNadi  Hi Isnadi, yuk langganan XLHome biar bisa nonton Netflix sambil santai langsung dari TV kamu :D #Thanks ^Dian",xlhomeid
2020-06-30 00:31:47+00:00,1277761716273594374,@xlhomeid semoga xlhome jaringan nya ada di perumahan margahayu bekasi timur min. Mau ganti dari indigo nih wkwk,fipiu
2020-06-30 00:31:08+00:00,1277761552796418048,"@Apanja_Kaleng  Hi, terkait layanan XLHome Fiber bisa disampaikan via DM ya :) #Thanks ^Dian",xlhomeid
2020-06-30 00:22:10+00:00,1277759294805389312,"@takutlelaki  Hi Pimen, yuk langganan XLHome biar bisa nonton Netflix sambil santai langsung dari TV kamu :D #Thanks ^Dian",xlhomeid
2020-06-30 00:15:44+00:00,1277757677477654528,@morephinee Yuk langganan XLHome biar bisa nonton Netflix sambil santai langsung dari TV mande :D #Thanks ^ Hendry :),xlhomeid
2020-06-30 00:15:43+00:00,1277757670972207104,"@bigirlmoody  Hi Fifafou, terkait layanan XLHome Fiber bisa disampaikan via DM ya :) #Thanks ^Dian",xlhomeid
2020-06-30 00:13:13+00:00,1277757045626683392,"@a_novadina  Hi Andri, ISP nya belum bisa akses netflix ya, Kak? Ganti aja ke XLHome, oops :D #Thanks ^Dian",xlhomeid
2020-06-30 00:12:25+00:00,1277756841510883328,"@arinadinahanifa  Hi, yuk langganan XLHome biar bisa nonton Netflix sambil santai langsung dari TV kamu :D #Thanks ^Dian",xlhomeid
2020-06-30 00:10:13+00:00,1277756288982609920,"@SENDYYeah  Hi Sendy, yuk langganan XLHome biar bisa nonton Netflix sambil santai langsung dari TV kamu :D #Thanks ^Dian",xlhomeid
2020-06-30 00:09:53+00:00,1277756205885095937,"@thisisalrizal  Hi, yuk langganan XLHome biar bisa nonton Netflix sambil santai langsung dari TV kamu :) #Thanks ^Dian",xlhomeid
2020-06-30 00:09:09+00:00,1277756021302153216,"@faturradani  Hi Faturrahman, yuk langganan XLHome biar bisa nonton Netflix sambil santai langsung dari TV kamu :D #Thanks ^Dian",xlhomeid
2020-06-30 00:00:07+00:00,1277753745460260864,"@Chaidzarf  Hi Par, terkait layanan XLHome Fiber bisa disampaikan via pesan ya :) #Thanks ^Dian",xlhomeid
2020-06-29 23:20:26+00:00,1277743759430565888,"@xlhomeid ""Kok bisa XLHome, blm masuk masuk ke wilayah saya"" :)",noobastic
2020-06-29 22:18:15+00:00,1277728110822084608,@xlhomeid @PenjagaSirkus Yak skor sementara xlhome 1- 0 Indihome,dermawan_dhafa
2020-06-29 22:10:20+00:00,1277726120301826048,"@xlhomeid min xlhome masa di clusterku bisa, tapi pas area nomor rumahku blm bisa.. help ü•∫",nanabnhryt
2020-06-29 21:36:00+00:00,1277717477930070016,"@xlhomeid Karena xlhome blm masook di rumah saya, jd terpaksa pake itu...",RendraGY
2020-06-29 18:47:16+00:00,1277675014116917248,"@xlhomeid Mau ganti xlhome fiber, masih belum menjangkau tempat tinggal ku",hey__Jod
2020-06-29 18:40:39+00:00,1277673351574507523,#xlhome,hiiarsyy
2020-06-29 18:27:00+00:00,1277669914971484160,"@xlhomeid tau diri, koneksi xlhome lu lemot goblog.",yhnzss
2020-06-29 17:49:42+00:00,1277660528937021440,"@KaduyAja @xlhomeid Wkwkwk, xlhome kok blom bisa di jatimulya sih min? SAYA PENGEN PINDAH KE SITU PADAHAL",irzyly
2020-06-29 16:15:37+00:00,1277636850337714177,"@xlhomeid xlhome kok betah, kagak masang kabel di kota saya ü§î",arielyonatan
2020-06-29 15:07:12+00:00,1277619633143468032,"@xlhomeid Perbanyak dulu area Sentral nya Min..
Area Rumah saya baru bisa pasang XLHome bulan depan, karna nunggu aktifasi Sentral..",aristiyan99
2020-06-29 15:02:12+00:00,1277618376358027269,"@IrfanRinaldi Hi Irfan, Yuk langganan XLHome biar bisa nonton Netflix sambil santai langsung dari TV kamu :D #Thanks ^AdI :)",xlhomeid
2020-06-29 15:01:35+00:00,1277618221458182144,"@1lham8achtiar Hi Ilham, Yuk langganan XLHome biar bisa nonton Netflix sambil santai langsung dari TV kamu :D #Thanks ^AdI :)",xlhomeid
2020-06-29 15:01:02+00:00,1277618080869310464,"@anggablr  Hi Nugraha, Yuk langganan XLHome biar bisa nonton Netflix sambil santai langsung dari TV kamu :D #Thanks ^AdI :)",xlhomeid
2020-06-29 14:59:32+00:00,1277617705143504898,"@andryuliant  Hi, Yuk langganan XLHome biar bisa nonton Netflix sambil santai langsung dari TV kamu :D #Thanks ^AdI :)",xlhomeid
2020-06-29 14:58:57+00:00,1277617558414213122,"@Chaidzarf  Hi Par, silakan ditanyakan langsung ya dan adakah yang bisa kami bantu mengenai XLHome Fiber? #Thanks ^AdI :)",xlhomeid
2020-06-29 14:55:29+00:00,1277616687584428038,"@mkfariz  Hi Fariz, Yuk langganan XLHome biar bisa nonton Netflix sambil santai langsung dari TV kamu :D #Thanks ^AdI :)",xlhomeid
2020-06-29 14:54:54+00:00,1277616539689029632,"@_New_Normal_Era  Hi Uciha, ISP nya belum bisa akses netflix ya, Kak? Ganti aja ke XLHome, oops :D #Thanks ^AdI :)",xlhomeid
2020-06-29 14:53:20+00:00,1277616142874324992,"@Chaidzarf  Hi Par, jika masih ada hal lain yang ingin ditanyakan seputar layanan XLHome Fiber, dapat menghubungi kami kembali ya. #Thanks ^AdI :)",xlhomeid
2020-06-29 14:52:51+00:00,1277616023340892160,@yafith  Hi Yafi. Yuk langganan XLHome biar bisa nonton Netflix sambil santai langsung dari TV kamu :D #Thanks ^AdI :),xlhomeid
2020-06-29 14:51:33+00:00,1277615697191813120,"@NandoSTR  Hi Rizki, adakah yang bisa kami bantu mengenai XLHome Fiber? #Thanks ^AdI :)",xlhomeid
2020-06-29 14:44:30+00:00,1277613921801695232,"@Chaidzarf  Hi Par, Yuk langganan XLHome biar bisa nonton Netflix sambil santai langsung dari TV kamu :D #Thanks ^AdI :)",xlhomeid
2020-06-29 14:43:55+00:00,1277613774501842945,"@pandusw  Hi, Yuk langganan XLHome biar bisa nonton Netflix sambil santai langsung dari TV kamu :D #Thanks ^AdI :)",xlhomeid
2020-06-29 14:42:47+00:00,1277613490895609858,"@fatobsky  Hi Didit, adakah yang bisa kami bantu mengenai XLHome Fiber? #Thanks ^AdI :)",xlhomeid
2020-06-29 14:42:20+00:00,1277613375078318085,"@homonimm  Hi Call, saat ini XLHome Fiber sudah hadir di Bandung ya. Cek areanya di https://t.co/eWvVRLbOiX untuk detailnya. #Thanks ^AdI :)",xlhomeid
2020-06-29 14:41:29+00:00,1277613161739194374,"@ssatriyaaa  Hi Donny, Yuk langganan XLHome biar bisa nonton Netflix sambil santai langsung dari TV kamu :D #Thanks ^AdI :)",xlhomeid
2020-06-29 14:34:22+00:00,1277611372897898499,"@homonimm Hi, adakah yang bisa kami bantu mengenai produk XLHome Fiber? #Thanks ^AdI :)",xlhomeid
2020-06-29 14:34:00+00:00,1277611279536893954,"@irdizii Hi Irdi, adakah yang bisa kami bantu mengenai XLHome Fiber? #Thanks ^AdI :)",xlhomeid
2020-06-29 14:30:10+00:00,1277610316273078272,"@armeq  Hi Mike, adakah yang bisa kami bantu mengenai XLHome Fiber? #Thanks ^AdI :)",xlhomeid
2020-06-29 14:21:39+00:00,1277608171746373633,"@gungws  Hi Gung, bisa jadi tuh. Yuk langganan XLHome biar bisa nonton Netflix sambil santai langsung dari TV kamu :D #Thanks ^AdI :)",xlhomeid
2020-06-29 14:13:25+00:00,1277606097637933056,"@chiensugianto  Hi Chien, Yuk langganan XLHome biar bisa nonton Netflix sambil santai langsung dari TV kamu :D #Thanks ^AdI :)",xlhomeid
2020-06-29 14:12:06+00:00,1277605765985890309,"@obeemetanoia Wah ternyata Robby sudah berlangganan neh, kalau begitu selamat menikmati layanannya dan tunggu promo terbaru dari XLHome Fiber ya. #Thanks ^AdI :)",xlhomeid
2020-06-29 14:05:37+00:00,1277604136414883840,"@annajsellyna  Hi, saat ini Kab. Malang sudah ada jaringan XLHome Fiber neh. Tapi sayang untuk alamatnya belum tercover jaringan kami, cek di https://t.co/eWvVRLbOiX dan tunggu update jaringan kami ya. #Thanks ^AdI :)",xlhomeid
2020-06-29 13:39:05+00:00,1277597458600652801,"@xlhomeid mimin DM aku, aku mau pasang XLhome di kapuas kalteng, tapi blm ada. Bisa gak si aku jadi orang pertama yang pake di kabupatenku ü§≠ü§≠ü§≠",capekdehidup
2020-06-29 13:37:37+00:00,1277597089199845376,"@obeemetanoia Hi Robby, bisa jadi neh Yuk langganan XLHome biar bisa nonton Netflix sambil santai langsung dari TV kamu :D #Thanks ^AdI :)",xlhomeid
2020-06-29 13:36:40+00:00,1277596852062281728,"ada yang punya kontak orang yg kerja di xlhome kalsel kah ???

AKU MAU PASANG DIKAPUASSSS...
HELP MEüòâüòâüòâ",capekdehidup
2020-06-29 13:34:42+00:00,1277596356735930368,"@ajengkarhap  Daripada Ajeng kesel, Yuk langganan XLHome biar bisa nonton Netflix sambil santai langsung dari TV kamu :D #Thanks ^AdI :)",xlhomeid
2020-06-29 13:31:54+00:00,1277595653166620672,"@PenjagaSirkus  Hi Giancarlo, ISP nya belum bisa akses netflix ya, Kak? Ganti aja ke XLHome, oops :D #Thanks ^AdI :)",xlhomeid
2020-06-29 13:28:15+00:00,1277594733540306944,"@oktmaulinda  Hi, adakah yang bisa kami bantu mengenai XLHome Fibernya? #Thanks ^AdI :)",xlhomeid
2020-06-29 13:23:38+00:00,1277593569826492419,"@gwichsan Hi, adakah yang bisa kami bantu mengenai XLHome Fiber? #Thanks ^AdI :)",xlhomeid
2020-06-29 12:16:44+00:00,1277576733076549632,"@RoyYosafat Hi Roy, bukan bermaksud ya dan adakah yang bisa kami bantu mengenai XLHome Fiber? #Thanks ^AdI :)",xlhomeid
2020-06-29 11:21:19+00:00,1277562789817577476,@dahlahmaleuss xlhome,Faridniboyy
2020-06-29 10:02:26+00:00,1277542939179094018,"@haridiva  Bisa jadi tuh Cahya, Yuk langganan XLHome biar bisa nonton Netflix sambil santai langsung dari TV Cahya. #Thanks ^AdI :)",xlhomeid
2020-06-29 09:49:22+00:00,1277539647820754944,"@bielbiey  Hi Rara, cek area Griya Asri 2 saat ini masih belum tercover jaringan XLHome Fiber neh. Informasi lebih lanjut apakah area sudah ter-cover atau belum, silakan cek disini https://t.co/0QqojBNA5H dan tunggu updatenya ya. #Thanks ^AdI :)",xlhomeid
